Site,Date,chla,,,,,,,,,,,,,,,,,,,,
23,5/18/2005,9.53,,,,,,,,,,,,,,,,,,,,
24,5/18/2005,10.21,,,,,,,,,,,,,,,,,,,,
25,5/18/2005,14.98,,,,,,,,,,,,,,,,,,,,
27,5/18/2005,8.17,,,,,,,,,,,,,,,,,,,,
29,5/18/2005,6.47,,,,,,,,,,,,,,,,,,,,
30,5/18/2005,4.43,,,,,,,,,,,,,,,,,,,,
31,5/18/2005,6.81,,,,,,,,,,,,,,,,,,,,
32,5/18/2005,4.09,,,,,,,,,,,,,,,,,,,,
33,5/18/2005,7.15,,,,,,,,,,,,,,,,,,,,
34,5/18/2005,8.00,,,,,,,,,,,,,,,,,,,,
35,5/18/2005,6.47,,,,,,,,,,,,,,,,,,,,
42,5/18/2005,17.02,,,,,,,,,,,,,,,,,,,,
43,5/18/2005,12.94,,,,,,,,,,,,,,,,,,,,
44,5/18/2005,10.21,,,,,,,,,,,,,,,,,,,,
45,5/18/2005,9.19,,,,,,,,,,,,,,,,,,,,
24C,5/18/2005,11.58,,,,,,,,,,,,,,,,,,,,
25C,5/18/2005,9.87,,,,,,,,,,,,,,,,,,,,
2,6/27/2006,8.53,,,,,,,,,,,,,,,,,,,,
8,6/27/2006,4.80,,,,,,,,,,,,,,,,,,,,
13,6/27/2006,5.59,,,,,,,,,,,,,,,,,,,,
17,6/27/2006,2.31,,,,,,,,,,,,,,,,,,,,
28,6/30/2006,26.64,,,,,,,,,,,,,,,,,,,,
30,6/30/2006,19.54,,,,,,,,,,,,,,,,,,,,
35,6/30/2006,17.05,,,,,,,,,,,,,,,,,,,,
2,7/18/2006,10.66,,,,,,,,,,,,,,,,,,,,
8,7/18/2006,8.26,,,,,,,,,,,,,,,,,,,,
13,7/18/2006,10.66,,,,,,,,,,,,,,,,,,,,
17,7/18/2006,8.53,,,,,,,,,,,,,,,,,,,,
28,7/21/2006,29.84,,,,,,,,,,,,,,,,,,,,
30,7/21/2006,31.26,,,,,,,,,,,,,,,,,,,,
35,7/21/2006,20.25,,,,,,,,,,,,,,,,,,,,
28,8/22/2006,33.80,,,,,,,,,,,,,,,,,,,,
30,8/22/2006,27.40,,,,,,,,,,,,,,,,,,,,
35,8/22/2006,31.06,,,,,,,,,,,,,,,,,,,,
2,8/25/2006,10.60,,,,,,,,,,,,,,,,,,,,
8,8/25/2006,3.29,,,,,,,,,,,,,,,,,,,,
13,8/25/2006,4.11,,,,,,,,,,,,,,,,,,,,
17,8/25/2006,5.02,,,,,,,,,,,,,,,,,,,,
40,8/31/2006,35.62,,,,,,,,,,,,,,,,,,,,
28,9/7/2006,21.01,,,,,,,,,,,,,,,,,,,,
30,9/7/2006,28.32,,,,,,,,,,,,,,,,,,,,
35,9/7/2006,17.05,,,,,,,,,,,,,,,,,,,,
28,9/22/2006,15.22,,,,,,,,,,,,,,,,,,,,
30,9/22/2006,16.44,,,,,,,,,,,,,,,,,,,,
35,9/22/2006,11.57,,,,,,,,,,,,,,,,,,,,
2,9/26/2006,2.44,,,,,,,,,,,,,,,,,,,,
8,9/26/2006,2.13,,,,,,,,,,,,,,,,,,,,
13,9/26/2006,4.20,,,,,,,,,,,,,,,,,,,,
17,9/26/2006,5.39,,,,,,,,,,,,,,,,,,,,
28,10/17/2006,13.70,,,,,,,,,,,,,,,,,,,,
30,10/17/2006,14.39,,,,,,,,,,,,,,,,,,,,
35,10/17/2006,9.24,,,,,,,,,,,,,,,,,,,,
40,10/17/2006,8.17,,,,,,,,,,,,,,,,,,,,
2,10/23/2006,2.56,,,,,,,,,,,,,,,,,,,,
8,10/23/2006,2.38,,,,,,,,,,,,,,,,,,,,
13,10/23/2006,6.93,,,,,,,,,,,,,,,,,,,,
17,10/23/2006,7.03,,,,,,,,,,,,,,,,,,,,
2,11/15/2006,5.30,,,,,,,,,,,,,,,,,,,,
8,11/15/2006,2.66,,,,,,,,,,,,,,,,,,,,
13,11/15/2006,5.06,,,,,,,,,,,,,,,,,,,,
17,11/15/2006,7.99,,,,,,,,,,,,,,,,,,,,
28,11/16/2006,20.78,,,,,,,,,,,,,,,,,,,,
30,11/16/2006,19.72,,,,,,,,,,,,,,,,,,,,
35,11/16/2006,21.31,,,,,,,,,,,,,,,,,,,,
40,11/24/2006,15.45,,,,,,,,,,,,,,,,,,,,
2,12/13/2006,2.21,,,,,,,,,,,,,,,,,,,,
8,12/13/2006,2.89,,,,,,,,,,,,,,,,,,,,
13,12/13/2006,10.66,,,,,,,,,,,,,,,,,,,,
17,12/13/2006,9.06,,,,,,,,,,,,,,,,,,,,
28,12/21/2006,35.17,,,,,,,,,,,,,,,,,,,,
30,12/21/2006,20.25,,,,,,,,,,,,,,,,,,,,
35,12/21/2006,20.25,,,,,,,,,,,,,,,,,,,,
2,1/17/2007,2.13,,,,,,,,,,,,,,,,,,,,
8,1/17/2007,2.60,,,,,,,,,,,,,,,,,,,,
13,1/17/2007,9.59,,,,,,,,,,,,,,,,,,,,
17,1/17/2007,11.72,,,,,,,,,,,,,,,,,,,,
28,1/23/2007,12.26,,,,,,,,,,,,,,,,,,,,
30,1/23/2007,19.67,,,,,,,,,,,,,,,,,,,,
35,1/23/2007,24.51,,,,,,,,,,,,,,,,,,,,
28,2/15/2007,28.89,,,,,,,,,,,,,,,,,,,,
30,2/15/2007,14.92,,,,,,,,,,,,,,,,,,,,
35,2/15/2007,24.51,,,,,,,,,,,,,,,,,,,,
2,2/27/2007,0.67,,,,,,,,,,,,,,,,,,,,
8,2/27/2007,2.66,,,,,,,,,,,,,,,,,,,,
13,2/27/2007,8.07,,,,,,,,,,,,,,,,,,,,
17,2/27/2007,4.84,,,,,,,,,,,,,,,,,,,,
28,3/12/2007,25.12,,,,,,,,,,,,,,,,,,,,
30,3/12/2007,20.10,,,,,,,,,,,,,,,,,,,,
35,3/12/2007,13.82,,,,,,,,,,,,,,,,,,,,
2,4/4/2007,1.60,,,,,,,,,,,,,,,,,,,,
8,4/4/2007,1.35,,,,,,,,,,,,,,,,,,,,
13,4/4/2007,1.71,,,,,,,,,,,,,,,,,,,,
17,4/4/2007,1.90,,,,,,,,,,,,,,,,,,,,
28,4/24/2007,27.71,,,,,,,,,,,,,,,,,,,,
30,4/24/2007,5.68,,,,,,,,,,,,,,,,,,,,
35,4/24/2007,6.39,,,,,,,,,,,,,,,,,,,,
2,5/3/2007,0.51,,,,,,,,,,,,,,,,,,,,
8,5/3/2007,0.40,,,,,,,,,,,,,,,,,,,,
13,5/3/2007,0.13,,,,,,,,,,,,,,,,,,,,
17,5/3/2007,0.64,,,,,,,,,,,,,,,,,,,,
2,6/4/2007,1.00,,,,,,,,,,,,,,,,,,,,
8,6/4/2007,1.14,,,,,,,,,,,,,,,,,,,,
13,6/4/2007,0.53,,,,,,,,,,,,,,,,,,,,
17,6/4/2007,0.71,,,,,,,,,,,,,,,,,,,,
28,6/5/2007,70.33,,,,,,,,,,,,,,,,,,,,
30,6/5/2007,24.51,,,,,,,,,,,,,,,,,,,,
35,6/5/2007,3.39,,,,,,,,,,,,,,,,,,,,
40,6/7/2007,1.39,,,,,,,,,,,,,,,,,,,,
2,6/25/2007,1.06,,,,,,,,,,,,,,,,,,,,
8,6/25/2007,1.16,,,,,,,,,,,,,,,,,,,,
13,6/25/2007,5.37,,,,,,,,,,,,,,,,,,,,
17,6/25/2007,1.84,,,,,,,,,,,,,,,,,,,,
28,6/29/2007,25.58,,,,,,,,,,,,,,,,,,,,
30,6/29/2007,16.34,,,,,,,,,,,,,,,,,,,,
35,6/29/2007,19.89,,,,,,,,,,,,,,,,,,,,
40,6/29/2007,7.99,,,,,,,,,,,,,,,,,,,,
28,8/2/2007,31.97,,,,,,,,,,,,,,,,,,,,
30,8/2/2007,8.79,,,,,,,,,,,,,,,,,,,,
35,8/2/2007,21.31,,,,,,,,,,,,,,,,,,,,
40,8/2/2007,13.70,,,,,,,,,,,,,,,,,,,,
2,8/8/2007,0.40,,,,,,,,,,,,,,,,,,,,
8,8/8/2007,0.70,,,,,,,,,,,,,,,,,,,,
13,8/8/2007,0.45,,,,,,,,,,,,,,,,,,,,
17,8/8/2007,0.47,,,,,,,,,,,,,,,,,,,,
28,8/22/2007,28.47,,,,,,,,,,,,,,,,,,,,
30,8/22/2007,23.01,,,,,,,,,,,,,,,,,,,,
35,8/22/2007,15.99,,,,,,,,,,,,,,,,,,,,
40,8/28/2007,11.51,,,,,,,,,,,,,,,,,,,,
2,8/29/2007,0.72,,,,,,,,,,,,,,,,,,,,
8,8/29/2007,1.51,,,,,,,,,,,,,,,,,,,,
13,8/29/2007,0.76,,,,,,,,,,,,,,,,,,,,
17,8/29/2007,0.80,,,,,,,,,,,,,,,,,,,,
2,9/20/2007,1.39,,,,,,,,,,,,,,,,,,,,
8,9/20/2007,2.15,,,,,,,,,,,,,,,,,,,,
13,9/20/2007,2.27,,,,,,,,,,,,,,,,,,,,
17,9/20/2007,2.25,,,,,,,,,,,,,,,,,,,,
28,10/5/2007,42.27,,,,,,,,,,,,,,,,,,,,
30,10/5/2007,35.50,,,,,,,,,,,,,,,,,,,,
35,10/5/2007,24.07,,,,,,,,,,,,,,,,,,,,
40,10/5/2007,9.18,,,,,,,,,,,,,,,,,,,,
2,11/15/2007,2.38,,,,,,,,,,,,,,,,,,,,
8,11/15/2007,2.53,,,,,,,,,,,,,,,,,,,,
13,11/15/2007,1.55,,,,,,,,,,,,,,,,,,,,
17,11/15/2007,3.11,,,,,,,,,,,,,,,,,,,,
28,11/20/2007,58.51,,,,,,,,,,,,,,,,,,,,
30,11/20/2007,11.46,,,,,,,,,,,,,,,,,,,,
35,11/20/2007,3.44,,,,,,,,,,,,,,,,,,,,
40,11/29/2007,25.48,,,,,,,,,,,,,,,,,,,,
2,12/15/2007,3.24,,,,,,,,,,,,,,,,,,,,
8,12/15/2007,2.70,,,,,,,,,,,,,,,,,,,,
13,12/15/2007,2.70,,,,,,,,,,,,,,,,,,,,
17,12/15/2007,3.06,,,,,,,,,,,,,,,,,,,,
28,12/18/2007,33.62,,,,,,,,,,,,,,,,,,,,
30,12/18/2007,39.73,,,,,,,,,,,,,,,,,,,,
35,12/18/2007,42.78,,,,,,,,,,,,,,,,,,,,
28,1/9/2008,31.14,,,,,,,,,,,,,,,,,,,,
30,1/9/2008,31.88,,,,,,,,,,,,,,,,,,,,
35,1/9/2008,22.41,,,,,,,,,,,,,,,,,,,,
2,1/24/2008,0.76,,,,,,,,,,,,,,,,,,,,
8,1/24/2008,1.42,,,,,,,,,,,,,,,,,,,,
13,1/24/2008,1.35,,,,,,,,,,,,,,,,,,,,
17,1/24/2008,1.42,,,,,,,,,,,,,,,,,,,,
28,2/4/2008,39.73,,,,,,,,,,,,,,,,,,,,
30,2/4/2008,27.50,,,,,,,,,,,,,,,,,,,,
35,2/4/2008,28.31,,,,,,,,,,,,,,,,,,,,
40,2/5/2008,16.99,,,,,,,,,,,,,,,,,,,,
28,3/7/2008,42.47,,,,,,,,,,,,,,,,,,,,
30,3/7/2008,33.98,,,,,,,,,,,,,,,,,,,,
35,3/7/2008,53.62,,,,,,,,,,,,,,,,,,,,
40,3/7/2008,19.50,,,,,,,,,,,,,,,,,,,,
2,4/4/2008,1.91,,,,,,,,,,,,,,,,,,,,
8,4/4/2008,1.75,,,,,,,,,,,,,,,,,,,,
13,4/4/2008,0.55,,,,,,,,,,,,,,,,,,,,
17,4/4/2008,0.44,,,,,,,,,,,,,,,,,,,,
28,4/23/2008,60.07,,,,,,,,,,,,,,,,,,,,
30,4/23/2008,26.43,,,,,,,,,,,,,,,,,,,,
35,4/23/2008,14.46,,,,,,,,,,,,,,,,,,,,
28,5/28/2008,73.41,,,,,,,,,,,,,,,,,,,,
30,5/28/2008,13.68,,,,,,,,,,,,,,,,,,,,
2,6/4/2008,1.42,,,,,,,,,,,,,,,,,,,,
8,6/4/2008,3.64,,,,,,,,,,,,,,,,,,,,
13,6/4/2008,1.64,,,,,,,,,,,,,,,,,,,,
17,6/4/2008,1.31,,,,,,,,,,,,,,,,,,,,
40,6/10/2008,3.40,,,,,,,,,,,,,,,,,,,,
28,6/24/2008,50.96,,,,,,,,,,,,,,,,,,,,
30,6/24/2008,24.07,,,,,,,,,,,,,,,,,,,,
35,6/24/2008,23.91,,,,,,,,,,,,,,,,,,,,
2,7/8/2008,2.73,,,,,,,,,,,,,,,,,,,,
8,7/8/2008,3.74,,,,,,,,,,,,,,,,,,,,
13,7/8/2008,4.41,,,,,,,,,,,,,,,,,,,,
17,7/8/2008,1.72,,,,,,,,,,,,,,,,,,,,
2,8/5/2008,0.55,,,,,,,,,,,,,,,,,,,,
8,8/5/2008,0.96,,,,,,,,,,,,,,,,,,,,
13,8/5/2008,0.86,,,,,,,,,,,,,,,,,,,,
17,8/5/2008,0.15,,,,,,,,,,,,,,,,,,,,
40,8/5/2008,1.21,,,,,,,,,,,,,,,,,,,,
28,8/7/2008,14.77,,,,,,,,,,,,,,,,,,,,
30,8/7/2008,4.35,,,,,,,,,,,,,,,,,,,,
35,8/7/2008,7.06,,,,,,,,,,,,,,,,,,,,
28,9/2/2008,14.34,,,,,,,,,,,,,,,,,,,,
30,9/2/2008,12.73,,,,,,,,,,,,,,,,,,,,
35,9/2/2008,4.86,,,,,,,,,,,,,,,,,,,,
40,9/2/2008,3.57,,,,,,,,,,,,,,,,,,,,
2,9/18/2008,0.99,,,,,,,,,,,,,,,,,,,,
8,9/18/2008,0.80,,,,,,,,,,,,,,,,,,,,
13,9/18/2008,3.83,,,,,,,,,,,,,,,,,,,,
17,9/18/2008,0.96,,,,,,,,,,,,,,,,,,,,
2,10/7/2008,2.12,,,,,,,,,,,,,,,,,,,,
8,10/7/2008,2.62,,,,,,,,,,,,,,,,,,,,
13,10/7/2008,3.42,,,,,,,,,,,,,,,,,,,,
17,10/7/2008,2.70,,,,,,,,,,,,,,,,,,,,
28,10/8/2008,11.87,,,,,,,,,,,,,,,,,,,,
30,10/8/2008,17.55,,,,,,,,,,,,,,,,,,,,
35,10/8/2008,13.59,,,,,,,,,,,,,,,,,,,,
40,10/8/2008,9.09,,,,,,,,,,,,,,,,,,,,
40,11/5/2008,8.51,,,,,,,,,,,,,,,,,,,,
2,11/6/2008,1.74,,,,,,,,,,,,,,,,,,,,
8,11/6/2008,2.28,,,,,,,,,,,,,,,,,,,,
13,11/6/2008,2.51,,,,,,,,,,,,,,,,,,,,
17,11/6/2008,0.86,,,,,,,,,,,,,,,,,,,,
28,11/10/2008,12.21,,,,,,,,,,,,,,,,,,,,
30,11/10/2008,19.86,,,,,,,,,,,,,,,,,,,,
35,11/10/2008,12.84,,,,,,,,,,,,,,,,,,,,
28,12/30/2008,29.26,,,,,,,,,,,,,,,,,,,,
30,12/30/2008,26.21,,,,,,,,,,,,,,,,,,,,
35,12/30/2008,19.83,,,,,,,,,,,,,,,,,,,,
2,1/4/2009,3.32,,,,,,,,,,,,,,,,,,,,
8,1/4/2009,4.45,,,,,,,,,,,,,,,,,,,,
13,1/4/2009,3.32,,,,,,,,,,,,,,,,,,,,
17,1/4/2009,2.24,,,,,,,,,,,,,,,,,,,,
28,1/29/2009,19.56,,,,,,,,,,,,,,,,,,,,
30,1/30/2009,15.68,,,,,,,,,,,,,,,,,,,,
35,1/30/2009,12.10,,,,,,,,,,,,,,,,,,,,
2,3/31/2009,4.58,,,,,,,,,,,,,,,,,,,,
8,3/31/2009,2.73,,,,,,,,,,,,,,,,,,,,
13,3/31/2009,3.12,,,,,,,,,,,,,,,,,,,,
17,3/31/2009,0.43,,,,,,,,,,,,,,,,,,,,
28,4/6/2009,17.70,,,,,,,,,,,,,,,,,,,,
30,4/6/2009,2.59,,,,,,,,,,,,,,,,,,,,
35,4/6/2009,1.50,,,,,,,,,,,,,,,,,,,,
40,4/6/2009,0.42,,,,,,,,,,,,,,,,,,,,
2,5/13/2009,6.45,,,,,,,,,,,,,,,,,,,,
8,5/13/2009,4.57,,,,,,,,,,,,,,,,,,,,
13,5/13/2009,3.38,,,,,,,,,,,,,,,,,,,,
17,5/13/2009,0.48,,,,,,,,,,,,,,,,,,,,
28,5/15/2009,34.05,,,,,,,,,,,,,,,,,,,,
30,5/15/2009,5.12,,,,,,,,,,,,,,,,,,,,
2,6/25/2009,6.04,,,,,,,,,,,,,,,,,,,,
8,6/25/2009,4.84,,,,,,,,,,,,,,,,,,,,
13,6/25/2009,5.44,,,,,,,,,,,,,,,,,,,,
17,6/25/2009,0.40,,,,,,,,,,,,,,,,,,,,
28,7/1/2009,12.54,,,,,,,,,,,,,,,,,,,,
30,7/1/2009,11.00,,,,,,,,,,,,,,,,,,,,
35,7/1/2009,12.69,,,,,,,,,,,,,,,,,,,,
40,7/1/2009,1.30,,,,,,,,,,,,,,,,,,,,
2,8/7/2009,15.83,,,,,,,,,,,,,,,,,,,,
8,8/7/2009,18.34,,,,,,,,,,,,,,,,,,,,
13,8/7/2009,19.11,,,,,,,,,,,,,,,,,,,,
17,8/7/2009,12.94,,,,,,,,,,,,,,,,,,,,
28,8/12/2009,35.34,,,,,,,,,,,,,,,,,,,,
30,8/12/2009,48.34,,,,,,,,,,,,,,,,,,,,
35,8/12/2009,58.76,,,,,,,,,,,,,,,,,,,,
40,8/12/2009,23.96,,,,,,,,,,,,,,,,,,,,
2,9/16/2009,25.09,,,,,,,,,,,,,,,,,,,,
8,9/16/2009,20.08,,,,,,,,,,,,,,,,,,,,
13,9/16/2009,30.37,,,,,,,,,,,,,,,,,,,,
17,9/16/2009,19.77,,,,,,,,,,,,,,,,,,,,
28,9/28/2009,65.18,,,,,,,,,,,,,,,,,,,,
30,9/28/2009,65.64,,,,,,,,,,,,,,,,,,,,
35,9/28/2009,31.55,,,,,,,,,,,,,,,,,,,,
40,9/28/2009,46.33,,,,,,,,,,,,,,,,,,,,
28,11/12/2009,28.57,,,,,,,,,,,,,,,,,,,,
30,11/12/2009,30.61,,,,,,,,,,,,,,,,,,,,
35,11/12/2009,27.80,,,,,,,,,,,,,,,,,,,,
40,11/12/2009,14.48,,,,,,,,,,,,,,,,,,,,
2,11/13/2009,14.00,,,,,,,,,,,,,,,,,,,,
8,11/13/2009,17.54,,,,,,,,,,,,,,,,,,,,
13,11/13/2009,13.88,,,,,,,,,,,,,,,,,,,,
17,11/13/2009,8.27,,,,,,,,,,,,,,,,,,,,
28,1/20/2010,65.61,,,,,,,,,,,,,,,,,,,,
30,1/20/2010,48.02,,,,,,,,,,,,,,,,,,,,
35,1/20/2010,9.27,,,,,,,,,,,,,,,,,,,,
2,1/21/2010,4.31,,,,,,,,,,,,,,,,,,,,
8,1/21/2010,2.04,,,,,,,,,,,,,,,,,,,,
13,1/21/2010,2.54,,,,,,,,,,,,,,,,,,,,
17,1/21/2010,2.64,,,,,,,,,,,,,,,,,,,,
2,3/18/2010,2.85,,,,,,,,,,,,,,,,,,,,
8,3/18/2010,2.17,,,,,,,,,,,,,,,,,,,,
13,3/18/2010,1.39,,,,,,,,,,,,,,,,,,,,
17,3/18/2010,2.55,,,,,,,,,,,,,,,,,,,,
28,3/19/2010,90.81,,,,,,,,,,,,,,,,,,,,
30,3/19/2010,54.68,,,,,,,,,,,,,,,,,,,,
35,3/19/2010,29.79,,,,,,,,,,,,,,,,,,,,
2,4/22/2010,1.87,,,,,,,,,,,,,,,,,,,,
8,4/22/2010,1.43,,,,,,,,,,,,,,,,,,,,
13,4/22/2010,0.85,,,,,,,,,,,,,,,,,,,,
17,4/22/2010,0.85,,,,,,,,,,,,,,,,,,,,
28,6/17/2010,54.52,,,,,,,,,,,,,,,,,,,,
30,6/17/2010,23.77,,,,,,,,,,,,,,,,,,,,
35,6/17/2010,5.04,,,,,,,,,,,,,,,,,,,,
40,6/17/2010,2.96,,,,,,,,,,,,,,,,,,,,
2,6/22/2010,0.88,,,,,,,,,,,,,,,,,,,,
8,6/22/2010,0.95,,,,,,,,,,,,,,,,,,,,
13,6/22/2010,1.22,,,,,,,,,,,,,,,,,,,,
17,6/22/2010,1.97,,,,,,,,,,,,,,,,,,,,
28,7/27/2010,39.70,,,,,,,,,,,,,,,,,,,,
30,7/27/2010,31.38,,,,,,,,,,,,,,,,,,,,
2,2/2/2011,0.82,,,,,,,,,,,,,,,,,,,,
8,2/2/2011,1.16,,,,,,,,,,,,,,,,,,,,
13,2/2/2011,1.42,,,,,,,,,,,,,,,,,,,,
17,2/2/2011,1.00,,,,,,,,,,,,,,,,,,,,
28,2/8/2011,18.75,,,,,,,,,,,,,,,,,,,,
30,2/8/2011,27.41,,,,,,,,,,,,,,,,,,,,
35,2/8/2011,41.83,,,,,,,,,,,,,,,,,,,,
43,2/8/2011,41.47,,,,,,,,,,,,,,,,,,,,
2,3/31/2011,6.04,,,,,,,,,,,,,,,,,,,,
8,3/31/2011,1.42,,,,,,,,,,,,,,,,,,,,
13,3/31/2011,0.90,,,,,,,,,,,,,,,,,,,,
17,3/31/2011,1.78,,,,,,,,,,,,,,,,,,,,
28,4/14/2011,27.77,,,,,,,,,,,,,,,,,,,,
30,4/14/2011,18.03,,,,,,,,,,,,,,,,,,,,
43,4/14/2011,48.33,,,,,,,,,,,,,,,,,,,,
28,5/11/2011,28.13,,,,,,,,,,,,,,,,,,,,
30,5/11/2011,6.49,,,,,,,,,,,,,,,,,,,,
43,5/11/2011,52.65,,,,,,,,,,,,,,,,,,,,
2,5/18/2011,0.95,,,,,,,,,,,,,,,,,,,,
8,5/18/2011,1.26,,,,,,,,,,,,,,,,,,,,
13,5/18/2011,1.08,,,,,,,,,,,,,,,,,,,,
17,5/18/2011,0.49,,,,,,,,,,,,,,,,,,,,
2,6/28/2011,1.06,,,,,,,,,,,,,,,,,,,,
8,6/28/2011,2.09,,,,,,,,,,,,,,,,,,,,
13,6/28/2011,2.06,,,,,,,,,,,,,,,,,,,,
17,6/28/2011,1.31,,,,,,,,,,,,,,,,,,,,
28,6/30/2011,29.93,,,,,,,,,,,,,,,,,,,,
30,6/30/2011,13.70,,,,,,,,,,,,,,,,,,,,
43,6/30/2011,54.10,,,,,,,,,,,,,,,,,,,,
40,7/1/2011,2.48,,,,,,,,,,,,,,,,,,,,
28,8/4/2011,29.21,,,,,,,,,,,,,,,,,,,,
30,8/4/2011,16.95,,,,,,,,,,,,,,,,,,,,
35,8/4/2011,6.49,,,,,,,,,,,,,,,,,,,,
40,8/4/2011,3.86,,,,,,,,,,,,,,,,,,,,
43,8/4/2011,44.96,,,,,,,,,,,,,,,,,,,,
2,9/9/2011,2.86,,,,,,,,,,,,,,,,,,,,
8,9/9/2011,2.93,,,,,,,,,,,,,,,,,,,,
13,9/9/2011,3.10,,,,,,,,,,,,,,,,,,,,
17,9/9/2011,3.25,,,,,,,,,,,,,,,,,,,,
28,9/15/2011,17.31,,,,,,,,,,,,,,,,,,,,
30,9/15/2011,8.66,,,,,,,,,,,,,,,,,,,,
35,9/15/2011,9.50,,,,,,,,,,,,,,,,,,,,
40,9/15/2011,11.74,,,,,,,,,,,,,,,,,,,,
43,9/15/2011,16.23,,,,,,,,,,,,,,,,,,,,
28,10/7/2011,11.40,,,,,,,,,,,,,,,,,,,,
30,10/7/2011,23.98,,,,,,,,,,,,,,,,,,,,
35,10/7/2011,13.70,,,,,,,,,,,,,,,,,,,,
43,10/7/2011,18.27,,,,,,,,,,,,,,,,,,,,
2,10/10/2011,5.89,,,,,,,,,,,,,,,,,,,,
8,10/10/2011,5.77,,,,,,,,,,,,,,,,,,,,
13,10/10/2011,3.75,,,,,,,,,,,,,,,,,,,,
17,10/10/2011,3.25,,,,,,,,,,,,,,,,,,,,
40,10/10/2011,5.65,,,,,,,,,,,,,,,,,,,,
2,11/1/2011,3.79,,,,,,,,,,,,,,,,,,,,
8,11/1/2011,9.27,,,,,,,,,,,,,,,,,,,,
13,11/1/2011,8.52,,,,,,,,,,,,,,,,,,,,
17,11/1/2011,10.82,,,,,,,,,,,,,,,,,,,,
28,11/3/2011,9.14,,,,,,,,,,,,,,,,,,,,
30,11/3/2011,13.22,,,,,,,,,,,,,,,,,,,,
35,11/3/2011,13.07,,,,,,,,,,,,,,,,,,,,
43,11/3/2011,8.48,,,,,,,,,,,,,,,,,,,,
2,12/1/2011,8.20,,,,,,,,,,,,,,,,,,,,
8,12/1/2011,8.25,,,,,,,,,,,,,,,,,,,,
13,12/1/2011,8.11,,,,,,,,,,,,,,,,,,,,
17,12/1/2011,5.18,,,,,,,,,,,,,,,,,,,,
28,12/2/2011,6.22,,,,,,,,,,,,,,,,,,,,
30,12/2/2011,5.99,,,,,,,,,,,,,,,,,,,,
35,12/2/2011,7.09,,,,,,,,,,,,,,,,,,,,
43,12/2/2011,22.54,,,,,,,,,,,,,,,,,,,,
2,2/9/2012,5.45,,,,,,,,,,,,,,,,,,,,
8,2/9/2012,2.98,,,,,,,,,,,,,,,,,,,,
13,2/9/2012,3.31,,,,,,,,,,,,,,,,,,,,
17,2/9/2012,1.19,,,,,,,,,,,,,,,,,,,,
43,2/21/2012,21.88,,,,,,,,,,,,,,,,,,,,
28,2/22/2012,5.29,,,,,,,,,,,,,,,,,,,,
30,2/22/2012,10.64,,,,,,,,,,,,,,,,,,,,
35,2/22/2012,2.16,,,,,,,,,,,,,,,,,,,,
40,2/22/2012,0.90,,,,,,,,,,,,,,,,,,,,
28,3/12/2012,3.75,,,,,,,,,,,,,,,,,,,,
30,3/12/2012,10.28,,,,,,,,,,,,,,,,,,,,
35,3/12/2012,1.67,,,,,,,,,,,,,,,,,,,,
43,3/12/2012,37.15,,,,,,,,,,,,,,,,,,,,
2,3/19/2012,2.89,,,,,,,,,,,,,,,,,,,,
8,3/19/2012,1.04,,,,,,,,,,,,,,,,,,,,
13,3/19/2012,1.80,,,,,,,,,,,,,,,,,,,,
17,3/19/2012,0.18,,,,,,,,,,,,,,,,,,,,
2,4/19/2012,0.83,,,,,,,,,,,,,,,,,,,,
8,4/19/2012,1.49,,,,,,,,,,,,,,,,,,,,
13,4/19/2012,1.53,,,,,,,,,,,,,,,,,,,,
17,4/19/2012,0.54,,,,,,,,,,,,,,,,,,,,
40,4/23/2012,0.62,,,,,,,,,,,,,,,,,,,,
28,4/27/2012,11.30,,,,,,,,,,,,,,,,,,,,
30,4/27/2012,8.78,,,,,,,,,,,,,,,,,,,,
35,4/27/2012,0.99,,,,,,,,,,,,,,,,,,,,
43,4/27/2012,13.70,,,,,,,,,,,,,,,,,,,,
2,5/30/2012,2.76,,,,,,,,,,,,,,,,,,,,
8,5/30/2012,4.26,,,,,,,,,,,,,,,,,,,,
13,5/30/2012,3.70,,,,,,,,,,,,,,,,,,,,
17,5/30/2012,3.70,,,,,,,,,,,,,,,,,,,,
28,6/13/2012,19.84,,,,,,,,,,,,,,,,,,,,
30,6/13/2012,25.06,,,,,,,,,,,,,,,,,,,,
35,6/13/2012,13.34,,,,,,,,,,,,,,,,,,,,
40,6/13/2012,9.65,,,,,,,,,,,,,,,,,,,,
43,6/13/2012,35.82,,,,,,,,,,,,,,,,,,,,
2,7/5/2012,5.41,,,,,,,,,,,,,,,,,,,,
8,7/5/2012,6.71,,,,,,,,,,,,,,,,,,,,
13,7/5/2012,4.71,,,,,,,,,,,,,,,,,,,,
17,7/5/2012,3.61,,,,,,,,,,,,,,,,,,,,
40,7/5/2012,34.38,,,,,,,,,,,,,,,,,,,,
28,8/1/2012,20.92,,,,,,,,,,,,,,,,,,,,
30,8/1/2012,17.79,,,,,,,,,,,,,,,,,,,,
35,8/1/2012,9.50,,,,,,,,,,,,,,,,,,,,
40,8/1/2012,26.71,,,,,,,,,,,,,,,,,,,,
43,8/1/2012,32.46,,,,,,,,,,,,,,,,,,,,
2,8/14/2012,2.06,,,,,,,,,,,,,,,,,,,,
8,8/14/2012,2.63,,,,,,,,,,,,,,,,,,,,
13,8/14/2012,3.82,,,,,,,,,,,,,,,,,,,,
17,8/14/2012,4.24,,,,,,,,,,,,,,,,,,,,
28,9/11/2012,9.02,,,,,,,,,,,,,,,,,,,,
30,9/11/2012,17.55,,,,,,,,,,,,,,,,,,,,
35,9/11/2012,5.95,,,,,,,,,,,,,,,,,,,,
40,9/11/2012,25.74,,,,,,,,,,,,,,,,,,,,
43,9/11/2012,28.85,,,,,,,,,,,,,,,,,,,,
2,9/13/2012,3.81,,,,,,,,,,,,,,,,,,,,
8,9/13/2012,3.36,,,,,,,,,,,,,,,,,,,,
13,9/13/2012,5.41,,,,,,,,,,,,,,,,,,,,
17,9/13/2012,4.04,,,,,,,,,,,,,,,,,,,,
28,10/5/2012,13.99,,,,,,,,,,,,,,,,,,,,
30,10/5/2012,13.22,,,,,,,,,,,,,,,,,,,,
35,10/5/2012,6.49,,,,,,,,,,,,,,,,,,,,
43,10/5/2012,10.46,,,,,,,,,,,,,,,,,,,,
2,10/11/2012,4.28,,,,,,,,,,,,,,,,,,,,
8,10/11/2012,3.34,,,,,,,,,,,,,,,,,,,,
13,10/11/2012,5.91,,,,,,,,,,,,,,,,,,,,
17,10/11/2012,4.26,,,,,,,,,,,,,,,,,,,,
2,11/6/2012,3.14,,,,,,,,,,,,,,,,,,,,
8,11/6/2012,2.31,,,,,,,,,,,,,,,,,,,,
13,11/6/2012,3.81,,,,,,,,,,,,,,,,,,,,
17,11/6/2012,4.62,,,,,,,,,,,,,,,,,,,,
28,11/8/2012,14.67,,,,,,,,,,,,,,,,,,,,
30,11/8/2012,18.75,,,,,,,,,,,,,,,,,,,,
35,11/8/2012,6.67,,,,,,,,,,,,,,,,,,,,
43,11/8/2012,18.75,,,,,,,,,,,,,,,,,,,,
2,12/5/2012,3.85,,,,,,,,,,,,,,,,,,,,
8,12/5/2012,2.44,,,,,,,,,,,,,,,,,,,,
13,12/5/2012,4.87,,,,,,,,,,,,,,,,,,,,
17,12/5/2012,3.70,,,,,,,,,,,,,,,,,,,,
28,12/27/2012,15.87,,,,,,,,,,,,,,,,,,,,
30,12/27/2012,17.67,,,,,,,,,,,,,,,,,,,,
35,12/27/2012,8.66,,,,,,,,,,,,,,,,,,,,
43,12/27/2012,24.88,,,,,,,,,,,,,,,,,,,,
2,1/14/2013,5.25,,,,,,,,,,,,,,,,,,,,
8,1/14/2013,1.92,,,,,,,,,,,,,,,,,,,,
13,1/14/2013,4.68,,,,,,,,,,,,,,,,,,,,
17,1/14/2013,3.65,,,,,,,,,,,,,,,,,,,,
28,1/15/2013,27.86,,,,,,,,,,,,,,,,,,,,
30,1/15/2013,28.78,,,,,,,,,,,,,,,,,,,,
35,1/15/2013,12.56,,,,,,,,,,,,,,,,,,,,
43,1/15/2013,35.17,,,,,,,,,,,,,,,,,,,,
28,2/19/2013,10.96,,,,,,,,,,,,,,,,,,,,
30,2/19/2013,13.25,,,,,,,,,,,,,,,,,,,,
43,2/19/2013,24.66,,,,,,,,,,,,,,,,,,,,
2,2/26/2013,3.91,,,,,,,,,,,,,,,,,,,,
8,2/26/2013,3.81,,,,,,,,,,,,,,,,,,,,
13,2/26/2013,3.38,,,,,,,,,,,,,,,,,,,,
17,2/26/2013,1.24,,,,,,,,,,,,,,,,,,,,
28,3/20/2013,11.88,,,,,,,,,,,,,,,,,,,,
30,3/20/2013,15.99,,,,,,,,,,,,,,,,,,,,
35,3/20/2013,4.42,,,,,,,,,,,,,,,,,,,,
43,3/20/2013,37.45,,,,,,,,,,,,,,,,,,,,
2,3/21/2013,0.52,,,,,,,,,,,,,,,,,,,,
8,3/21/2013,0.91,,,,,,,,,,,,,,,,,,,,
13,3/21/2013,1.45,,,,,,,,,,,,,,,,,,,,
17,3/21/2013,0.53,,,,,,,,,,,,,,,,,,,,
2,4/16/2013,0.62,,,,,,,,,,,,,,,,,,,,
8,4/16/2013,1.11,,,,,,,,,,,,,,,,,,,,
13,4/16/2013,2.97,,,,,,,,,,,,,,,,,,,,
17,4/16/2013,0.88,,,,,,,,,,,,,,,,,,,,
28,4/18/2013,24.66,,,,,,,,,,,,,,,,,,,,
30,4/18/2013,16.76,,,,,,,,,,,,,,,,,,,,
35,4/18/2013,2.89,,,,,,,,,,,,,,,,,,,,
43,4/18/2013,53.90,,,,,,,,,,,,,,,,,,,,
2,5/16/2013,0.59,,,,,,,,,,,,,,,,,,,,
8,5/16/2013,0.91,,,,,,,,,,,,,,,,,,,,
13,5/16/2013,1.55,,,,,,,,,,,,,,,,,,,,
17,5/16/2013,2.61,,,,,,,,,,,,,,,,,,,,
28,5/21/2013,11.84,,,,,,,,,,,,,,,,,,,,
30,5/21/2013,14.62,,,,,,,,,,,,,,,,,,,,
35,5/21/2013,3.84,,,,,,,,,,,,,,,,,,,,
43,5/21/2013,126.06,,,,,,,,,,,,,,,,,,,,
28,6/11/2013,4.70,,,,,,,,,,,,,,,,,,,,
30,6/11/2013,38.37,,,,,,,,,,,,,,,,,,,,
35,6/11/2013,51.61,,,,,,,,,,,,,,,,,,,,
43,6/11/2013,82.22,,,,,,,,,,,,,,,,,,,,
2,6/12/2013,0.62,,,,,,,,,,,,,,,,,,,,
8,6/12/2013,0.88,,,,,,,,,,,,,,,,,,,,
13,6/12/2013,4.84,,,,,,,,,,,,,,,,,,,,
17,6/12/2013,2.22,,,,,,,,,,,,,,,,,,,,
2,8/7/2013,0.85,,,,,,,,,,,,,,,,,,,,
8,8/7/2013,1.11,,,,,,,,,,,,,,,,,,,,
13,8/7/2013,1.70,,,,,,,,,,,,,,,,,,,,
17,8/7/2013,4.60,,,,,,,,,,,,,,,,,,,,
28,8/13/2013,0.46,,,,,,,,,,,,,,,,,,,,
30,8/13/2013,8.07,,,,,,,,,,,,,,,,,,,,
35,8/13/2013,16.26,,,,,,,,,,,,,,,,,,,,
43,8/13/2013,21.62,,,,,,,,,,,,,,,,,,,,
4,9/13/2013,2.58,,,,,,,,,,,,,,,,,,,,
5,9/13/2013,1.76,,,,,,,,,,,,,,,,,,,,
9,9/13/2013,2.97,,,,,,,,,,,,,,,,,,,,
12,9/13/2013,2.19,,,,,,,,,,,,,,,,,,,,
14,9/13/2013,3.47,,,,,,,,,,,,,,,,,,,,
15,9/13/2013,4.34,,,,,,,,,,,,,,,,,,,,
16,9/13/2013,2.65,,,,,,,,,,,,,,,,,,,,
17,9/13/2013,2.92,,,,,,,,,,,,,,,,,,,,
18,9/13/2013,3.20,,,,,,,,,,,,,,,,,,,,
19,9/13/2013,0.91,,,,,,,,,,,,,,,,,,,,
20,9/13/2013,0.75,,,,,,,,,,,,,,,,,,,,
21,9/13/2013,2.22,,,,,,,,,,,,,,,,,,,,
37,9/13/2013,5.94,,,,,,,,,,,,,,,,,,,,
40,9/13/2013,7.03,,,,,,,,,,,,,,,,,,,,
41,9/13/2013,7.99,,,,,,,,,,,,,,,,,,,,
24,9/24/2013,0.82,,,,,,,,,,,,,,,,,,,,
25,9/24/2013,1.86,,,,,,,,,,,,,,,,,,,,
31,9/24/2013,11.08,,,,,,,,,,,,,,,,,,,,
34,9/24/2013,1.86,,,,,,,,,,,,,,,,,,,,
44,9/24/2013,19.18,,,,,,,,,,,,,,,,,,,,
24,11/15/2013,9.02,,,,,,,,,,,,,,,,,,,,
25,11/15/2013,11.30,,,,,,,,,,,,,,,,,,,,
31,11/15/2013,31.52,,,,,,,,,,,,,,,,,,,,
34,11/15/2013,8.68,,,,,,,,,,,,,,,,,,,,
35,11/15/2013,8.68,,,,,,,,,,,,,,,,,,,,
44,11/15/2013,47.05,,,,,,,,,,,,,,,,,,,,
4,11/20/2013,1.70,,,,,,,,,,,,,,,,,,,,
5,11/20/2013,0.69,,,,,,,,,,,,,,,,,,,,
9,11/20/2013,2.38,,,,,,,,,,,,,,,,,,,,
12,11/20/2013,6.03,,,,,,,,,,,,,,,,,,,,
14,11/20/2013,0.72,,,,,,,,,,,,,,,,,,,,
15,11/20/2013,0.42,,,,,,,,,,,,,,,,,,,,
16,11/20/2013,0.75,,,,,,,,,,,,,,,,,,,,
17,11/20/2013,0.78,,,,,,,,,,,,,,,,,,,,
18,11/20/2013,0.39,,,,,,,,,,,,,,,,,,,,
19,11/20/2013,0.75,,,,,,,,,,,,,,,,,,,,
20,11/20/2013,0.62,,,,,,,,,,,,,,,,,,,,
21,11/20/2013,0.39,,,,,,,,,,,,,,,,,,,,
37,11/20/2013,1.99,,,,,,,,,,,,,,,,,,,,
40,11/20/2013,0.65,,,,,,,,,,,,,,,,,,,,
41,11/20/2013,0.42,,,,,,,,,,,,,,,,,,,,
24,1/30/2014,6.67,,,,,,,,,,,,,,,,,,,,
25,1/30/2014,5.94,,,,,,,,,,,,,,,,,,,,
31,1/30/2014,18.27,,,,,,,,,,,,,,,,,,,,
34,1/30/2014,3.86,,,,,,,,,,,,,,,,,,,,
44,1/30/2014,15.53,,,,,,,,,,,,,,,,,,,,
4,2/6/2014,1.53,,,,,,,,,,,,,,,,,,,,
5,2/6/2014,0.55,,,,,,,,,,,,,,,,,,,,
9,2/6/2014,0.72,,,,,,,,,,,,,,,,,,,,
12,2/6/2014,1.66,,,,,,,,,,,,,,,,,,,,
14,2/6/2014,1.01,,,,,,,,,,,,,,,,,,,,
15,2/6/2014,0.75,,,,,,,,,,,,,,,,,,,,
16,2/6/2014,0.88,,,,,,,,,,,,,,,,,,,,
17,2/6/2014,1.34,,,,,,,,,,,,,,,,,,,,
18,2/6/2014,0.62,,,,,,,,,,,,,,,,,,,,
19,2/6/2014,0.82,,,,,,,,,,,,,,,,,,,,
20,2/6/2014,0.59,,,,,,,,,,,,,,,,,,,,
21,2/6/2014,0.46,,,,,,,,,,,,,,,,,,,,
37,2/6/2014,2.94,,,,,,,,,,,,,,,,,,,,
40,2/6/2014,1.24,,,,,,,,,,,,,,,,,,,,
41,2/6/2014,1.01,,,,,,,,,,,,,,,,,,,,
24,3/12/2014,10.51,,,,,,,,,,,,,,,,,,,,
25,3/12/2014,4.57,,,,,,,,,,,,,,,,,,,,
31,3/12/2014,9.04,,,,,,,,,,,,,,,,,,,,
34,3/12/2014,7.76,,,,,,,,,,,,,,,,,,,,
44,3/12/2014,20.55,,,,,,,,,,,,,,,,,,,,
4,5/7/2014,0.78,,,,,,,,,,,,,,,,,,,,
5,5/7/2014,0.98,,,,,,,,,,,,,,,,,,,,
6,5/7/2014,0.49,,,,,,,,,,,,,,,,,,,,
7,5/7/2014,0.98,,,,,,,,,,,,,,,,,,,,
8,5/7/2014,0.95,,,,,,,,,,,,,,,,,,,,
9,5/7/2014,0.85,,,,,,,,,,,,,,,,,,,,
10,5/7/2014,0.91,,,,,,,,,,,,,,,,,,,,
12,5/7/2014,1.27,,,,,,,,,,,,,,,,,,,,
13,5/7/2014,1.31,,,,,,,,,,,,,,,,,,,,
14,5/7/2014,2.09,,,,,,,,,,,,,,,,,,,,
15,5/7/2014,0.59,,,,,,,,,,,,,,,,,,,,
16,5/7/2014,0.36,,,,,,,,,,,,,,,,,,,,
17,5/7/2014,0.88,,,,,,,,,,,,,,,,,,,,
18,5/7/2014,0.39,,,,,,,,,,,,,,,,,,,,
19,5/7/2014,0.62,,,,,,,,,,,,,,,,,,,,
20,5/7/2014,0.42,,,,,,,,,,,,,,,,,,,,
21,5/7/2014,0.13,,,,,,,,,,,,,,,,,,,,
12C,5/7/2014,0.98,,,,,,,,,,,,,,,,,,,,
4A,5/7/2014,0.88,,,,,,,,,,,,,,,,,,,,
9C,5/7/2014,0.98,,,,,,,,,,,,,,,,,,,,
23,5/8/2014,11.57,,,,,,,,,,,,,,,,,,,,
24,5/8/2014,13.40,,,,,,,,,,,,,,,,,,,,
25,5/8/2014,32.89,,,,,,,,,,,,,,,,,,,,
27,5/8/2014,14.31,,,,,,,,,,,,,,,,,,,,
28,5/8/2014,16.90,,,,,,,,,,,,,,,,,,,,
25C,5/8/2014,19.18,,,,,,,,,,,,,,,,,,,,
4,7/9/2014,0.72,,,,,,,,,,,,,,,,,,,,
5,7/9/2014,0.78,,,,,,,,,,,,,,,,,,,,
6,7/9/2014,0.36,,,,,,,,,,,,,,,,,,,,
7,7/9/2014,0.65,,,,,,,,,,,,,,,,,,,,
8,7/9/2014,1.31,,,,,,,,,,,,,,,,,,,,
9,7/9/2014,1.92,,,,,,,,,,,,,,,,,,,,
10,7/9/2014,1.28,,,,,,,,,,,,,,,,,,,,
12,7/9/2014,1.78,,,,,,,,,,,,,,,,,,,,
13,7/9/2014,1.71,,,,,,,,,,,,,,,,,,,,
14,7/9/2014,1.08,,,,,,,,,,,,,,,,,,,,
15,7/9/2014,0.87,,,,,,,,,,,,,,,,,,,,
16,7/9/2014,0.53,,,,,,,,,,,,,,,,,,,,
17,7/9/2014,0.80,,,,,,,,,,,,,,,,,,,,
18,7/9/2014,0.66,,,,,,,,,,,,,,,,,,,,
19,7/9/2014,0.29,,,,,,,,,,,,,,,,,,,,
20,7/9/2014,0.46,,,,,,,,,,,,,,,,,,,,
21,7/9/2014,0.35,,,,,,,,,,,,,,,,,,,,
12C,7/9/2014,2.13,,,,,,,,,,,,,,,,,,,,
4A,7/9/2014,0.98,,,,,,,,,,,,,,,,,,,,
9C,7/9/2014,2.38,,,,,,,,,,,,,,,,,,,,
23,7/11/2014,16.90,,,,,,,,,,,,,,,,,,,,
24,7/11/2014,16.69,,,,,,,,,,,,,,,,,,,,
25,7/11/2014,22.38,,,,,,,,,,,,,,,,,,,,
27,7/11/2014,17.81,,,,,,,,,,,,,,,,,,,,
28,7/11/2014,25.58,,,,,,,,,,,,,,,,,,,,
29,7/11/2014,22.38,,,,,,,,,,,,,,,,,,,,
30,7/11/2014,18.01,,,,,,,,,,,,,,,,,,,,
31,7/11/2014,14.62,,,,,,,,,,,,,,,,,,,,
32,7/11/2014,14.84,,,,,,,,,,,,,,,,,,,,
33,7/11/2014,12.40,,,,,,,,,,,,,,,,,,,,
34,7/11/2014,11.42,,,,,,,,,,,,,,,,,,,,
35,7/11/2014,11.65,,,,,,,,,,,,,,,,,,,,
42,7/11/2014,13.25,,,,,,,,,,,,,,,,,,,,
43,7/11/2014,15.35,,,,,,,,,,,,,,,,,,,,
44,7/11/2014,9.53,,,,,,,,,,,,,,,,,,,,
45,7/11/2014,5.94,,,,,,,,,,,,,,,,,,,,
24C,7/11/2014,22.38,,,,,,,,,,,,,,,,,,,,
25C,7/11/2014,24.21,,,,,,,,,,,,,,,,,,,,
4,9/3/2014,0.82,,,,,,,,,,,,,,,,,,,,
5,9/3/2014,0.89,,,,,,,,,,,,,,,,,,,,
6,9/3/2014,0.82,,,,,,,,,,,,,,,,,,,,
7,9/3/2014,1.26,,,,,,,,,,,,,,,,,,,,
8,9/3/2014,2.45,,,,,,,,,,,,,,,,,,,,
9,9/3/2014,2.25,,,,,,,,,,,,,,,,,,,,
10,9/3/2014,3.34,,,,,,,,,,,,,,,,,,,,
12,9/3/2014,2.50,,,,,,,,,,,,,,,,,,,,
13,9/3/2014,2.26,,,,,,,,,,,,,,,,,,,,
14,9/3/2014,2.62,,,,,,,,,,,,,,,,,,,,
15,9/3/2014,1.72,,,,,,,,,,,,,,,,,,,,
16,9/3/2014,1.72,,,,,,,,,,,,,,,,,,,,
17,9/3/2014,1.57,,,,,,,,,,,,,,,,,,,,
18,9/3/2014,1.72,,,,,,,,,,,,,,,,,,,,
19,9/3/2014,1.24,,,,,,,,,,,,,,,,,,,,
20,9/3/2014,1.31,,,,,,,,,,,,,,,,,,,,
21,9/3/2014,0.52,,,,,,,,,,,,,,,,,,,,
12C,9/3/2014,2.50,,,,,,,,,,,,,,,,,,,,
4A,9/3/2014,0.82,,,,,,,,,,,,,,,,,,,,
9C,9/3/2014,2.38,,,,,,,,,,,,,,,,,,,,
23,9/5/2014,8.17,,,,,,,,,,,,,,,,,,,,
24,9/5/2014,12.60,,,,,,,,,,,,,,,,,,,,
25,9/5/2014,10.67,,,,,,,,,,,,,,,,,,,,
27,9/5/2014,9.31,,,,,,,,,,,,,,,,,,,,
28,9/5/2014,7.83,,,,,,,,,,,,,,,,,,,,
29,9/5/2014,10.89,,,,,,,,,,,,,,,,,,,,
30,9/5/2014,9.76,,,,,,,,,,,,,,,,,,,,
31,9/5/2014,9.19,,,,,,,,,,,,,,,,,,,,
32,9/5/2014,8.51,,,,,,,,,,,,,,,,,,,,
33,9/5/2014,8.51,,,,,,,,,,,,,,,,,,,,
34,9/5/2014,16.57,,,,,,,,,,,,,,,,,,,,
35,9/5/2014,11.58,,,,,,,,,,,,,,,,,,,,
42,9/5/2014,4.99,,,,,,,,,,,,,,,,,,,,
43,9/5/2014,7.49,,,,,,,,,,,,,,,,,,,,
44,9/5/2014,4.99,,,,,,,,,,,,,,,,,,,,
45,9/5/2014,5.67,,,,,,,,,,,,,,,,,,,,
24C,9/5/2014,10.21,,,,,,,,,,,,,,,,,,,,
25C,9/5/2014,9.08,,,,,,,,,,,,,,,,,,,,
4,11/5/2014,0.66,,,,,,,,,,,,,,,,,,,,
5,11/5/2014,1.05,,,,,,,,,,,,,,,,,,,,
6,11/5/2014,0.51,,,,,,,,,,,,,,,,,,,,
7,11/5/2014,2.16,,,,,,,,,,,,,,,,,,,,
8,11/5/2014,2.31,,,,,,,,,,,,,,,,,,,,
9,11/5/2014,2.23,,,,,,,,,,,,,,,,,,,,
10,11/5/2014,3.06,,,,,,,,,,,,,,,,,,,,
12,11/5/2014,2.38,,,,,,,,,,,,,,,,,,,,
13,11/5/2014,2.81,,,,,,,,,,,,,,,,,,,,
14,11/5/2014,2.48,,,,,,,,,,,,,,,,,,,,
15,11/5/2014,1.60,,,,,,,,,,,,,,,,,,,,
16,11/5/2014,1.26,,,,,,,,,,,,,,,,,,,,
17,11/5/2014,3.49,,,,,,,,,,,,,,,,,,,,
18,11/5/2014,1.85,,,,,,,,,,,,,,,,,,,,
19,11/5/2014,0.44,,,,,,,,,,,,,,,,,,,,
20,11/5/2014,0.49,,,,,,,,,,,,,,,,,,,,
21,11/5/2014,0.39,,,,,,,,,,,,,,,,,,,,
12C,11/5/2014,2.47,,,,,,,,,,,,,,,,,,,,
4A,11/5/2014,1.12,,,,,,,,,,,,,,,,,,,,
9C,11/5/2014,2.04,,,,,,,,,,,,,,,,,,,,
23,11/12/2014,18.04,,,,,,,,,,,,,,,,,,,,
24,11/12/2014,18.72,,,,,,,,,,,,,,,,,,,,
25,11/12/2014,17.93,,,,,,,,,,,,,,,,,,,,
27,11/12/2014,13.84,,,,,,,,,,,,,,,,,,,,
28,11/12/2014,17.02,,,,,,,,,,,,,,,,,,,,
29,11/12/2014,14.53,,,,,,,,,,,,,,,,,,,,
30,11/12/2014,19.07,,,,,,,,,,,,,,,,,,,,
31,11/12/2014,19.29,,,,,,,,,,,,,,,,,,,,
32,11/12/2014,14.75,,,,,,,,,,,,,,,,,,,,
33,11/12/2014,12.26,,,,,,,,,,,,,,,,,,,,
34,11/12/2014,10.72,,,,,,,,,,,,,,,,,,,,
35,11/12/2014,16.80,,,,,,,,,,,,,,,,,,,,
42,11/12/2014,12.60,,,,,,,,,,,,,,,,,,,,
43,11/12/2014,15.32,,,,,,,,,,,,,,,,,,,,
44,11/12/2014,12.94,,,,,,,,,,,,,,,,,,,,
45,11/12/2014,3.11,,,,,,,,,,,,,,,,,,,,
24C,11/12/2014,19.75,,,,,,,,,,,,,,,,,,,,
25C,11/12/2014,14.07,,,,,,,,,,,,,,,,,,,,
4,1/14/2015,0.71,,,,,,,,,,,,,,,,,,,,
5,1/14/2015,0.68,,,,,,,,,,,,,,,,,,,,
6,1/14/2015,0.63,,,,,,,,,,,,,,,,,,,,
7,1/14/2015,0.88,,,,,,,,,,,,,,,,,,,,
8,1/14/2015,2.02,,,,,,,,,,,,,,,,,,,,
9,1/14/2015,1.73,,,,,,,,,,,,,,,,,,,,
10,1/14/2015,1.80,,,,,,,,,,,,,,,,,,,,
12,1/14/2015,2.04,,,,,,,,,,,,,,,,,,,,
13,1/14/2015,2.38,,,,,,,,,,,,,,,,,,,,
14,1/14/2015,1.79,,,,,,,,,,,,,,,,,,,,
15,1/14/2015,0.50,,,,,,,,,,,,,,,,,,,,
16,1/14/2015,0.50,,,,,,,,,,,,,,,,,,,,
17,1/14/2015,0.58,,,,,,,,,,,,,,,,,,,,
18,1/14/2015,0.34,,,,,,,,,,,,,,,,,,,,
19,1/14/2015,0.47,,,,,,,,,,,,,,,,,,,,
20,1/14/2015,0.58,,,,,,,,,,,,,,,,,,,,
21,1/14/2015,0.24,,,,,,,,,,,,,,,,,,,,
12C,1/14/2015,2.11,,,,,,,,,,,,,,,,,,,,
4A,1/14/2015,0.88,,,,,,,,,,,,,,,,,,,,
9C,1/14/2015,1.90,,,,,,,,,,,,,,,,,,,,
23,1/16/2015,11.80,,,,,,,,,,,,,,,,,,,,
24,1/16/2015,8.85,,,,,,,,,,,,,,,,,,,,
25,1/16/2015,11.35,,,,,,,,,,,,,,,,,,,,
27,1/16/2015,13.62,,,,,,,,,,,,,,,,,,,,
28,1/16/2015,7.04,,,,,,,,,,,,,,,,,,,,
29,1/16/2015,11.92,,,,,,,,,,,,,,,,,,,,
30,1/16/2015,10.38,,,,,,,,,,,,,,,,,,,,
31,1/16/2015,11.35,,,,,,,,,,,,,,,,,,,,
32,1/16/2015,10.38,,,,,,,,,,,,,,,,,,,,
33,1/16/2015,8.51,,,,,,,,,,,,,,,,,,,,
34,1/16/2015,12.03,,,,,,,,,,,,,,,,,,,,
35,1/16/2015,9.31,,,,,,,,,,,,,,,,,,,,
42,1/16/2015,10.89,,,,,,,,,,,,,,,,,,,,
43,1/16/2015,7.49,,,,,,,,,,,,,,,,,,,,
44,1/16/2015,10.55,,,,,,,,,,,,,,,,,,,,
45,1/16/2015,3.81,,,,,,,,,,,,,,,,,,,,
24C,1/16/2015,7.72,,,,,,,,,,,,,,,,,,,,
25C,1/16/2015,9.99,,,,,,,,,,,,,,,,,,,,
23,4/1/2015,8.17,,,,,,,,,,,,,,,,,,,,
24,4/1/2015,8.17,,,,,,,,,,,,,,,,,,,,
25,4/1/2015,4.77,,,,,,,,,,,,,,,,,,,,
27,4/1/2015,8.85,,,,,,,,,,,,,,,,,,,,
28,4/1/2015,8.85,,,,,,,,,,,,,,,,,,,,
29,4/1/2015,13.96,,,,,,,,,,,,,,,,,,,,
30,4/1/2015,13.62,,,,,,,,,,,,,,,,,,,,
31,4/1/2015,10.55,,,,,,,,,,,,,,,,,,,,
32,4/1/2015,8.85,,,,,,,,,,,,,,,,,,,,
33,4/1/2015,10.89,,,,,,,,,,,,,,,,,,,,
34,4/1/2015,12.94,,,,,,,,,,,,,,,,,,,,
35,4/1/2015,8.51,,,,,,,,,,,,,,,,,,,,
42,4/1/2015,12.94,,,,,,,,,,,,,,,,,,,,
43,4/1/2015,7.94,,,,,,,,,,,,,,,,,,,,
44,4/1/2015,7.72,,,,,,,,,,,,,,,,,,,,
45,4/1/2015,5.22,,,,,,,,,,,,,,,,,,,,
24C,4/1/2015,7.04,,,,,,,,,,,,,,,,,,,,
25C,4/1/2015,6.47,,,,,,,,,,,,,,,,,,,,
4,4/10/2015,0.71,,,,,,,,,,,,,,,,,,,,
5,4/10/2015,0.44,,,,,,,,,,,,,,,,,,,,
6,4/10/2015,0.41,,,,,,,,,,,,,,,,,,,,
7,4/10/2015,1.46,,,,,,,,,,,,,,,,,,,,
8,4/10/2015,1.36,,,,,,,,,,,,,,,,,,,,
9,4/10/2015,1.31,,,,,,,,,,,,,,,,,,,,
10,4/10/2015,1.84,,,,,,,,,,,,,,,,,,,,
12,4/10/2015,2.16,,,,,,,,,,,,,,,,,,,,
13,4/10/2015,2.25,,,,,,,,,,,,,,,,,,,,
14,4/10/2015,2.38,,,,,,,,,,,,,,,,,,,,
15,4/10/2015,0.44,,,,,,,,,,,,,,,,,,,,
16,4/10/2015,0.46,,,,,,,,,,,,,,,,,,,,
17,4/10/2015,0.50,,,,,,,,,,,,,,,,,,,,
18,4/10/2015,0.44,,,,,,,,,,,,,,,,,,,,
19,4/10/2015,0.71,,,,,,,,,,,,,,,,,,,,
20,4/10/2015,0.36,,,,,,,,,,,,,,,,,,,,
21,4/10/2015,0.12,,,,,,,,,,,,,,,,,,,,
12C,4/10/2015,2.04,,,,,,,,,,,,,,,,,,,,
4A,4/10/2015,0.80,,,,,,,,,,,,,,,,,,,,
9C,4/10/2015,1.59,,,,,,,,,,,,,,,,,,,,
4,5/12/2015,0.80,,,,,,,,,,,,,,,,,,,,
5,5/12/2015,0.94,,,,,,,,,,,,,,,,,,,,
6,5/12/2015,0.53,,,,,,,,,,,,,,,,,,,,
7,5/12/2015,0.94,,,,,,,,,,,,,,,,,,,,
8,5/12/2015,2.04,,,,,,,,,,,,,,,,,,,,
9,5/12/2015,1.28,,,,,,,,,,,,,,,,,,,,
10,5/12/2015,1.02,,,,,,,,,,,,,,,,,,,,
12,5/12/2015,1.02,,,,,,,,,,,,,,,,,,,,
13,5/12/2015,1.11,,,,,,,,,,,,,,,,,,,,
14,5/12/2015,0.68,,,,,,,,,,,,,,,,,,,,
15,5/12/2015,0.29,,,,,,,,,,,,,,,,,,,,
16,5/12/2015,0.41,,,,,,,,,,,,,,,,,,,,
17,5/12/2015,0.65,,,,,,,,,,,,,,,,,,,,
18,5/12/2015,0.24,,,,,,,,,,,,,,,,,,,,
19,5/12/2015,0.24,,,,,,,,,,,,,,,,,,,,
20,5/12/2015,0.24,,,,,,,,,,,,,,,,,,,,
21,5/12/2015,0.07,,,,,,,,,,,,,,,,,,,,
12C,5/12/2015,1.25,,,,,,,,,,,,,,,,,,,,
4A,5/12/2015,1.66,,,,,,,,,,,,,,,,,,,,
9C,5/12/2015,1.53,,,,,,,,,,,,,,,,,,,,
28,5/18/2015,9.19,,,,,,,,,,,,,,,,,,,,
4,9/28/2015,4.38,,,,,,,,,,,,,,,,,,,,
5,9/28/2015,2.30,,,,,,,,,,,,,,,,,,,,
7,9/28/2015,2.25,,,,,,,,,,,,,,,,,,,,
8,9/28/2015,2.19,,,,,,,,,,,,,,,,,,,,
9,9/28/2015,2.88,,,,,,,,,,,,,,,,,,,,
12,9/28/2015,3.88,,,,,,,,,,,,,,,,,,,,
13,9/28/2015,1.67,,,,,,,,,,,,,,,,,,,,
15,9/28/2015,1.75,,,,,,,,,,,,,,,,,,,,
17,9/28/2015,1.61,,,,,,,,,,,,,,,,,,,,
19,9/28/2015,1.23,,,,,,,,,,,,,,,,,,,,
21,9/28/2015,1.25,,,,,,,,,,,,,,,,,,,,
4A,9/28/2015,2.51,,,,,,,,,,,,,,,,,,,,
24,10/14/2015,6.14,,,,,,,,,,,,,,,,,,,,
27,10/14/2015,14.03,,,,,,,,,,,,,,,,,,,,
28,10/14/2015,7.89,,,,,,,,,,,,,,,,,,,,
29,10/14/2015,24.55,,,,,,,,,,,,,,,,,,,,
31,10/14/2015,11.25,,,,,,,,,,,,,,,,,,,,
34,10/14/2015,9.13,,,,,,,,,,,,,,,,,,,,
35,10/14/2015,19.90,,,,,,,,,,,,,,,,,,,,
43,10/14/2015,12.49,,,,,,,,,,,,,,,,,,,,
44,10/14/2015,6.49,,,,,,,,,,,,,,,,,,,,
4,12/15/2015,4.97,,,,,,,,,,,,,,,,,,,,
5,12/15/2015,7.45,,,,,,,,,,,,,,,,,,,,
7,12/15/2015,6.58,,,,,,,,,,,,,,,,,,,,
8,12/15/2015,5.10,,,,,,,,,,,,,,,,,,,,
9,12/15/2015,8.99,,,,,,,,,,,,,,,,,,,,
12,12/15/2015,7.23,,,,,,,,,,,,,,,,,,,,
13,12/15/2015,6.03,,,,,,,,,,,,,,,,,,,,
15,12/15/2015,4.82,,,,,,,,,,,,,,,,,,,,
17,12/15/2015,5.26,,,,,,,,,,,,,,,,,,,,
19,12/15/2015,2.63,,,,,,,,,,,,,,,,,,,,
21,12/15/2015,1.10,,,,,,,,,,,,,,,,,,,,
4A,12/15/2015,3.27,,,,,,,,,,,,,,,,,,,,
24,12/17/2015,18.71,,,,,,,,,,,,,,,,,,,,
27,12/17/2015,13.44,,,,,,,,,,,,,,,,,,,,
28,12/17/2015,13.74,,,,,,,,,,,,,,,,,,,,
29,12/17/2015,14.69,,,,,,,,,,,,,,,,,,,,
31,12/17/2015,14.91,,,,,,,,,,,,,,,,,,,,
34,12/17/2015,16.37,,,,,,,,,,,,,,,,,,,,
35,12/17/2015,12.86,,,,,,,,,,,,,,,,,,,,
43,12/17/2015,16.66,,,,,,,,,,,,,,,,,,,,
44,12/17/2015,17.76,,,,,,,,,,,,,,,,,,,,
4,2/4/2016,6.72,,,,,,,,,,,,,,,,,,,,
5,2/4/2016,8.58,,,,,,,,,,,,,,,,,,,,
7,2/4/2016,8.08,,,,,,,,,,,,,,,,,,,,
8,2/4/2016,7.01,,,,,,,,,,,,,,,,,,,,
9,2/4/2016,6.58,,,,,,,,,,,,,,,,,,,,
12,2/4/2016,5.63,,,,,,,,,,,,,,,,,,,,
13,2/4/2016,7.75,,,,,,,,,,,,,,,,,,,,
15,2/4/2016,5.92,,,,,,,,,,,,,,,,,,,,
17,2/4/2016,3.77,,,,,,,,,,,,,,,,,,,,
19,2/4/2016,4.00,,,,,,,,,,,,,,,,,,,,
21,2/4/2016,1.20,,,,,,,,,,,,,,,,,,,,
4A,2/4/2016,9.26,,,,,,,,,,,,,,,,,,,,
24,2/24/2016,32.00,,,,,,,,,,,,,,,,,,,,
27,2/24/2016,19.87,,,,,,,,,,,,,,,,,,,,
28,2/24/2016,18.41,,,,,,,,,,,,,,,,,,,,
29,2/24/2016,24.55,,,,,,,,,,,,,,,,,,,,
31,2/24/2016,21.63,,,,,,,,,,,,,,,,,,,,
34,2/24/2016,16.37,,,,,,,,,,,,,,,,,,,,
35,2/24/2016,28.06,,,,,,,,,,,,,,,,,,,,
43,2/24/2016,44.72,,,,,,,,,,,,,,,,,,,,
44,2/24/2016,43.40,,,,,,,,,,,,,,,,,,,,
4,4/29/2016,7.54,,,,,,,,,,,,,,,,,,,,
5,4/29/2016,5.79,,,,,,,,,,,,,,,,,,,,
7,4/29/2016,6.31,,,,,,,,,,,,,,,,,,,,
8,4/29/2016,5.26,,,,,,,,,,,,,,,,,,,,
9,4/29/2016,9.06,,,,,,,,,,,,,,,,,,,,
12,4/29/2016,5.26,,,,,,,,,,,,,,,,,,,,
13,4/29/2016,6.72,,,,,,,,,,,,,,,,,,,,
15,4/29/2016,2.34,,,,,,,,,,,,,,,,,,,,
17,4/29/2016,2.30,,,,,,,,,,,,,,,,,,,,
19,4/29/2016,0.53,,,,,,,,,,,,,,,,,,,,
21,4/29/2016,0.47,,,,,,,,,,,,,,,,,,,,
4A,4/29/2016,4.97,,,,,,,,,,,,,,,,,,,,
24,5/3/2016,18.41,,,,,,,,,,,,,,,,,,,,
27,5/3/2016,21.92,,,,,,,,,,,,,,,,,,,,
28,5/3/2016,18.41,,,,,,,,,,,,,,,,,,,,
29,5/3/2016,15.78,,,,,,,,,,,,,,,,,,,,
31,5/3/2016,3.51,,,,,,,,,,,,,,,,,,,,
34,5/3/2016,6.14,,,,,,,,,,,,,,,,,,,,
35,5/3/2016,9.64,,,,,,,,,,,,,,,,,,,,
43,5/3/2016,33.76,,,,,,,,,,,,,,,,,,,,
44,5/3/2016,32.44,,,,,,,,,,,,,,,,,,,,
4,6/24/2016,8.64,,,,,,,,,,,,,,,,,,,,
5,6/24/2016,6.25,,,,,,,,,,,,,,,,,,,,
7,6/24/2016,5.15,,,,,,,,,,,,,,,,,,,,
8,6/24/2016,4.82,,,,,,,,,,,,,,,,,,,,
9,6/24/2016,6.72,,,,,,,,,,,,,,,,,,,,
12,6/24/2016,3.65,,,,,,,,,,,,,,,,,,,,
13,6/24/2016,4.09,,,,,,,,,,,,,,,,,,,,
15,6/24/2016,2.08,,,,,,,,,,,,,,,,,,,,
17,6/24/2016,1.75,,,,,,,,,,,,,,,,,,,,
19,6/24/2016,0.48,,,,,,,,,,,,,,,,,,,,
21,6/24/2016,0.66,,,,,,,,,,,,,,,,,,,,
4A,6/24/2016,8.77,,,,,,,,,,,,,,,,,,,,
24,7/6/2016,13.59,,,,,,,,,,,,,,,,,,,,
27,7/6/2016,24.55,,,,,,,,,,,,,,,,,,,,
28,7/6/2016,19.00,,,,,,,,,,,,,,,,,,,,
29,7/6/2016,19.29,,,,,,,,,,,,,,,,,,,,
31,7/6/2016,17.97,,,,,,,,,,,,,,,,,,,,
34,7/6/2016,8.33,,,,,,,,,,,,,,,,,,,,
35,7/6/2016,8.77,,,,,,,,,,,,,,,,,,,,
43,7/6/2016,32.88,,,,,,,,,,,,,,,,,,,,
44,7/6/2016,45.16,,,,,,,,,,,,,,,,,,,,
4,9/2/2016,8.91,,,,,,,,,,,,,,,,,,,,
5,9/2/2016,7.31,,,,,,,,,,,,,,,,,,,,
7,9/2/2016,5.26,,,,,,,,,,,,,,,,,,,,
8,9/2/2016,4.82,,,,,,,,,,,,,,,,,,,,
9,9/2/2016,6.75,,,,,,,,,,,,,,,,,,,,
12,9/2/2016,4.68,,,,,,,,,,,,,,,,,,,,
13,9/2/2016,3.14,,,,,,,,,,,,,,,,,,,,
15,9/2/2016,1.37,,,,,,,,,,,,,,,,,,,,
17,9/2/2016,0.93,,,,,,,,,,,,,,,,,,,,
19,9/2/2016,0.53,,,,,,,,,,,,,,,,,,,,
21,9/2/2016,0.35,,,,,,,,,,,,,,,,,,,,
4A,9/2/2016,9.64,,,,,,,,,,,,,,,,,,,,
24,9/7/2016,7.37,,,,,,,,,,,,,,,,,,,,
27,9/7/2016,10.30,,,,,,,,,,,,,,,,,,,,
28,9/7/2016,10.08,,,,,,,,,,,,,,,,,,,,
29,9/7/2016,21.92,,,,,,,,,,,,,,,,,,,,
31,9/7/2016,16.95,,,,,,,,,,,,,,,,,,,,
34,9/7/2016,7.67,,,,,,,,,,,,,,,,,,,,
35,9/7/2016,8.11,,,,,,,,,,,,,,,,,,,,
43,9/7/2016,24.99,,,,,,,,,,,,,,,,,,,,
44,9/7/2016,24.99,,,,,,,,,,,,,,,,,,,,
24,11/16/2016,11.40,,,,,,,,,,,,,,,,,,,,
27,11/16/2016,10.00,,,,,,,,,,,,,,,,,,,,
28,11/16/2016,13.59,,,,,,,,,,,,,,,,,,,,
29,11/16/2016,19.00,,,,,,,,,,,,,,,,,,,,
31,11/16/2016,14.47,,,,,,,,,,,,,,,,,,,,
34,11/16/2016,12.49,,,,,,,,,,,,,,,,,,,,
35,11/16/2016,6.14,,,,,,,,,,,,,,,,,,,,
43,11/16/2016,19.29,,,,,,,,,,,,,,,,,,,,
44,11/16/2016,21.04,,,,,,,,,,,,,,,,,,,,
4,11/21/2016,13.88,,,,,,,,,,,,,,,,,,,,
5,11/21/2016,14.76,,,,,,,,,,,,,,,,,,,,
7,11/21/2016,15.93,,,,,,,,,,,,,,,,,,,,
8,11/21/2016,18.12,,,,,,,,,,,,,,,,,,,,
9,11/21/2016,13.30,,,,,,,,,,,,,,,,,,,,
12,11/21/2016,6.87,,,,,,,,,,,,,,,,,,,,
13,11/21/2016,8.33,,,,,,,,,,,,,,,,,,,,
15,11/21/2016,2.74,,,,,,,,,,,,,,,,,,,,
17,11/21/2016,5.26,,,,,,,,,,,,,,,,,,,,
19,11/21/2016,2.96,,,,,,,,,,,,,,,,,,,,
21,11/21/2016,1.10,,,,,,,,,,,,,,,,,,,,
4A,11/21/2016,13.01,,,,,,,,,,,,,,,,,,,,
24,2/14/2017,10.52,,,,,,,,,,,,,,,,,,,,
27,2/14/2017,7.89,,,,,,,,,,,,,,,,,,,,
28,2/14/2017,7.01,,,,,,,,,,,,,,,,,,,,
29,2/14/2017,13.15,,,,,,,,,,,,,,,,,,,,
31,2/14/2017,10.81,,,,,,,,,,,,,,,,,,,,
43,2/14/2017,23.67,,,,,,,,,,,,,,,,,,,,
44,2/14/2017,34.20,,,,,,,,,,,,,,,,,,,,
4,3/2/2017,18.24,,,,,,,,,,,,,,,,,,,,
5,3/2/2017,15.61,,,,,,,,,,,,,,,,,,,,
7,3/2/2017,13.68,,,,,,,,,,,,,,,,,,,,
8,3/2/2017,9.21,,,,,,,,,,,,,,,,,,,,
9,3/2/2017,8.99,,,,,,,,,,,,,,,,,,,,
12,3/2/2017,12.28,,,,,,,,,,,,,,,,,,,,
13,3/2/2017,5.26,,,,,,,,,,,,,,,,,,,,
15,3/2/2017,0.83,,,,,,,,,,,,,,,,,,,,
17,3/2/2017,2.89,,,,,,,,,,,,,,,,,,,,
19,3/2/2017,0.69,,,,,,,,,,,,,,,,,,,,
21,3/2/2017,0.66,,,,,,,,,,,,,,,,,,,,
4A,3/2/2017,18.06,,,,,,,,,,,,,,,,,,,,
4,5/30/2017,2.41,,,,,,,,,,,,,,,,,,,,
5,5/30/2017,2.00,,,,,,,,,,,,,,,,,,,,
7,5/30/2017,1.75,,,,,,,,,,,,,,,,,,,,
8,5/30/2017,1.88,,,,,,,,,,,,,,,,,,,,
9,5/30/2017,1.75,,,,,,,,,,,,,,,,,,,,
12,5/30/2017,2.03,,,,,,,,,,,,,,,,,,,,
13,5/30/2017,2.48,,,,,,,,,,,,,,,,,,,,
15,5/30/2017,0.28,,,,,,,,,,,,,,,,,,,,
17,5/30/2017,0.66,,,,,,,,,,,,,,,,,,,,
19,5/30/2017,0.25,,,,,,,,,,,,,,,,,,,,
21,5/30/2017,0.22,,,,,,,,,,,,,,,,,,,,
4A,5/30/2017,1.32,,,,,,,,,,,,,,,,,,,,
24,6/21/2017,4.38,,,,,,,,,,,,,,,,,,,,
27,6/21/2017,3.51,,,,,,,,,,,,,,,,,,,,
28,6/21/2017,3.29,,,,,,,,,,,,,,,,,,,,
29,6/21/2017,7.01,,,,,,,,,,,,,,,,,,,,
31,6/21/2017,16.81,,,,,,,,,,,,,,,,,,,,
34,6/21/2017,13.50,,,,,,,,,,,,,,,,,,,,
35,6/21/2017,14.14,,,,,,,,,,,,,,,,,,,,
43,6/21/2017,34.10,,,,,,,,,,,,,,,,,,,,
44,6/21/2017,33.32,,,,,,,,,,,,,,,,,,,,
31,11/1/2017,13.04,,,,,,,,,,,,,,,,,,,,
34,11/1/2017,3.95,,,,,,,,,,,,,,,,,,,,
35,11/1/2017,4.20,,,,,,,,,,,,,,,,,,,,
24,11/2/2017,8.69,,,,,,,,,,,,,,,,,,,,
27,11/2/2017,6.58,,,,,,,,,,,,,,,,,,,,
28,11/2/2017,7.63,,,,,,,,,,,,,,,,,,,,
29,11/2/2017,12.28,,,,,,,,,,,,,,,,,,,,
43,11/2/2017,7.31,,,,,,,,,,,,,,,,,,,,
44,11/2/2017,7.10,,,,,,,,,,,,,,,,,,,,
4,11/7/2017,1.41,,,,,,,,,,,,,,,,,,,,
5,11/7/2017,2.29,,,,,,,,,,,,,,,,,,,,
7,11/7/2017,2.19,,,,,,,,,,,,,,,,,,,,
8,11/7/2017,2.69,,,,,,,,,,,,,,,,,,,,
9,11/7/2017,3.60,,,,,,,,,,,,,,,,,,,,
12,11/7/2017,6.64,,,,,,,,,,,,,,,,,,,,
13,11/7/2017,8.62,,,,,,,,,,,,,,,,,,,,
15,11/7/2017,10.81,,,,,,,,,,,,,,,,,,,,
17,11/7/2017,7.75,,,,,,,,,,,,,,,,,,,,
19,11/7/2017,7.34,,,,,,,,,,,,,,,,,,,,
21,11/7/2017,5.11,,,,,,,,,,,,,,,,,,,,
4A,11/7/2017,1.44,,,,,,,,,,,,,,,,,,,,
4,2/7/2018,9.64,,,,,,,,,,,,,,,,,,,,
5,2/7/2018,7.23,,,,,,,,,,,,,,,,,,,,
7,2/7/2018,4.49,,,,,,,,,,,,,,,,,,,,
8,2/7/2018,4.09,,,,,,,,,,,,,,,,,,,,
9,2/7/2018,4.97,,,,,,,,,,,,,,,,,,,,
12,2/7/2018,5.70,,,,,,,,,,,,,,,,,,,,
13,2/7/2018,5.92,,,,,,,,,,,,,,,,,,,,
15,2/7/2018,3.73,,,,,,,,,,,,,,,,,,,,
17,2/7/2018,3.95,,,,,,,,,,,,,,,,,,,,
19,2/7/2018,3.80,,,,,,,,,,,,,,,,,,,,
21,2/7/2018,1.53,,,,,,,,,,,,,,,,,,,,
4A,2/7/2018,8.77,,,,,,,,,,,,,,,,,,,,
24,2/12/2018,9.64,,,,,,,,,,,,,,,,,,,,
27,2/12/2018,8.77,,,,,,,,,,,,,,,,,,,,
28,2/12/2018,10.96,,,,,,,,,,,,,,,,,,,,
29,2/12/2018,17.54,,,,,,,,,,,,,,,,,,,,
31,2/12/2018,16.22,,,,,,,,,,,,,,,,,,,,
35,2/12/2018,7.01,,,,,,,,,,,,,,,,,,,,
43,2/12/2018,22.89,,,,,,,,,,,,,,,,,,,,
44,2/12/2018,37.70,,,,,,,,,,,,,,,,,,,,
4,6/8/2018,4.97,,,,,,,,,,,,,,,,,,,,
5,6/8/2018,4.38,,,,,,,,,,,,,,,,,,,,
7,6/8/2018,4.16,,,,,,,,,,,,,,,,,,,,
8,6/8/2018,4.16,,,,,,,,,,,,,,,,,,,,
9,6/8/2018,2.63,,,,,,,,,,,,,,,,,,,,
12,6/8/2018,11.62,,,,,,,,,,,,,,,,,,,,
13,6/8/2018,7.89,,,,,,,,,,,,,,,,,,,,
15,6/8/2018,3.07,,,,,,,,,,,,,,,,,,,,
17,6/8/2018,5.70,,,,,,,,,,,,,,,,,,,,
19,6/8/2018,4.24,,,,,,,,,,,,,,,,,,,,
21,6/8/2018,1.75,,,,,,,,,,,,,,,,,,,,
4A,6/8/2018,5.26,,,,,,,,,,,,,,,,,,,,
24,7/10/2018,14.03,,,,,,,,,,,,,,,,,,,,
27,7/10/2018,14.03,,,,,,,,,,,,,,,,,,,,
28,7/10/2018,10.30,,,,,,,,,,,,,,,,,,,,
29,7/10/2018,27.84,,,,,,,,,,,,,,,,,,,,
31,7/10/2018,32.15,,,,,,,,,,,,,,,,,,,,
34,7/10/2018,3.38,,,,,,,,,,,,,,,,,,,,
35,7/10/2018,25.78,,,,,,,,,,,,,,,,,,,,
43,7/10/2018,54.36,,,,,,,,,,,,,,,,,,,,
44,7/10/2018,41.96,,,,,,,,,,,,,,,,,,,,
4,9/27/2018,3.80,,,,,,,,,,,,,,,,,,,,
5,9/27/2018,5.26,,,,,,,,,,,,,,,,,,,,
7,9/27/2018,2.78,,,,,,,,,,,,,,,,,,,,
8,9/27/2018,3.51,,,,,,,,,,,,,,,,,,,,
9,9/27/2018,1.75,,,,,,,,,,,,,,,,,,,,
12,9/27/2018,2.78,,,,,,,,,,,,,,,,,,,,
13,9/27/2018,1.86,,,,,,,,,,,,,,,,,,,,
15,9/27/2018,1.75,,,,,,,,,,,,,,,,,,,,
17,9/27/2018,2.98,,,,,,,,,,,,,,,,,,,,
19,9/27/2018,2.78,,,,,,,,,,,,,,,,,,,,
21,9/27/2018,2.05,,,,,,,,,,,,,,,,,,,,
4A,9/27/2018,5.70,,,,,,,,,,,,,,,,,,,,
24,10/5/2018,4.82,,,,,,,,,,,,,,,,,,,,
27,10/5/2018,7.60,,,,,,,,,,,,,,,,,,,,
28,10/5/2018,3.07,,,,,,,,,,,,,,,,,,,,
29,10/5/2018,14.47,,,,,,,,,,,,,,,,,,,,
31,10/5/2018,17.10,,,,,,,,,,,,,,,,,,,,
34,10/5/2018,3.68,,,,,,,,,,,,,,,,,,,,
35,10/5/2018,11.69,,,,,,,,,,,,,,,,,,,,
43,10/18/2018,21.04,,,,,,,,,,,,,,,,,,,,
44,10/18/2018,21.92,,,,,,,,,,,,,,,,,,,,
4,2/5/2019,4.16,,,,,,,,,,,,,,,,,,,,
5,2/5/2019,6.36,,,,,,,,,,,,,,,,,,,,
7,2/5/2019,5.96,,,,,,,,,,,,,,,,,,,,
8,2/5/2019,4.38,,,,,,,,,,,,,,,,,,,,
9,2/5/2019,2.05,,,,,,,,,,,,,,,,,,,,
12,2/5/2019,1.17,,,,,,,,,,,,,,,,,,,,
13,2/5/2019,1.46,,,,,,,,,,,,,,,,,,,,
15,2/5/2019,1.66,,,,,,,,,,,,,,,,,,,,
17,2/5/2019,2.10,,,,,,,,,,,,,,,,,,,,
19,2/5/2019,1.06,,,,,,,,,,,,,,,,,,,,
21,2/5/2019,0.73,,,,,,,,,,,,,,,,,,,,
4A,2/5/2019,4.82,,,,,,,,,,,,,,,,,,,,
24,2/15/2019,1.64,,,,,,,,,,,,,,,,,,,,
27,2/15/2019,5.55,,,,,,,,,,,,,,,,,,,,
28,2/15/2019,1.51,,,,,,,,,,,,,,,,,,,,
29,2/15/2019,14.32,,,,,,,,,,,,,,,,,,,,
31,2/15/2019,17.10,,,,,,,,,,,,,,,,,,,,
34,2/15/2019,6.14,,,,,,,,,,,,,,,,,,,,
35,2/15/2019,7.01,,,,,,,,,,,,,,,,,,,,
43,2/15/2019,21.92,,,,,,,,,,,,,,,,,,,,
44,2/15/2019,23.67,,,,,,,,,,,,,,,,,,,,
4,4/8/2019,3.73,,,,,,,,,,,,,,,,,,,,
5,4/8/2019,4.82,,,,,,,,,,,,,,,,,,,,
7,4/8/2019,3.73,,,,,,,,,,,,,,,,,,,,
8,4/8/2019,2.48,,,,,,,,,,,,,,,,,,,,
9,4/8/2019,1.75,,,,,,,,,,,,,,,,,,,,
12,4/8/2019,0.99,,,,,,,,,,,,,,,,,,,,
13,4/8/2019,1.46,,,,,,,,,,,,,,,,,,,,
15,4/8/2019,0.88,,,,,,,,,,,,,,,,,,,,
17,4/8/2019,1.07,,,,,,,,,,,,,,,,,,,,
19,4/8/2019,0.22,,,,,,,,,,,,,,,,,,,,
21,4/8/2019,0.19,,,,,,,,,,,,,,,,,,,,
4A,4/8/2019,5.55,,,,,,,,,,,,,,,,,,,,
24,4/15/2019,0.63,,,,,,,,,,,,,,,,,,,,
27,4/15/2019,3.51,,,,,,,,,,,,,,,,,,,,
28,4/15/2019,0.28,,,,,,,,,,,,,,,,,,,,
29,4/15/2019,7.45,,,,,,,,,,,,,,,,,,,,
31,4/15/2019,5.04,,,,,,,,,,,,,,,,,,,,
34,4/15/2019,4.16,,,,,,,,,,,,,,,,,,,,
35,4/15/2019,4.53,,,,,,,,,,,,,,,,,,,,
43,4/15/2019,17.54,,,,,,,,,,,,,,,,,,,,
44,4/15/2019,25.43,,,,,,,,,,,,,,,,,,,,
