SAV percent cover,,,,,,,,,,,,,,,,,,,,,Chara ,Halodule
Date,Site #,Rep,Chara,Halodule,Ruppia,Batophora,Acetabularia,Thalassia,Penicillus,Sargassum pteropleuron,Laurencia spp.,Caulerpa prolifera ,Halimeda incrassata,Rhizophora mangle,Polysiphonia binneyi,Chondria baileyana,Udotea,Hypnea,Digenia,Total,Canopy height,Canopy height
04/21/10,1,1,0,0,0,0,0,0,0,0,0,0,0,0,0,0,0,0,0,0,0,0
04/21/10,1,2,0,0,0,0,0,0,0,0,0,0,0,0,0,0,0,0,0,0,0,0
04/21/10,1,3,0,0,0,0,0,0,0,0,0,0,0,0,0,0,0,0,0,0,0,0
04/21/10,1,4,0,0,0,0,0,0,0,0,0,0,0,0,0,0,0,0,0,0,0,0
04/21/10,1,5,0,0,0,0,0,0,0,0,0,0,0,0,0,0,0,0,0,0,0,0
04/21/10,1,6,0,0,0,0,0,0,0,0,0,0,0,0,0,0,0,0,0,0,0,0
04/21/10,1,7,0,0,0,0,0,0,0,0,0,0,0,0,0,0,0,0,0,0,0,0
04/21/10,1,8,0,0,0,0,0,0,0,0,0,0,0,0,0,0,0,0,0,0,0,0
04/21/10,1,9,0,0,0,0,0,0,0,0,0,0,0,0,0,0,0,0,0,0,0,0
04/21/10,1,10,0,0,0,3,0,0,0,0,0,0,0,0,0,0,0,0,0,3,0,0
04/21/10,1,11,0,0,0,0,0,0,0,0,0,0,0,0,0,0,0,0,0,0,0,0
04/21/10,1,12,0,0,0,3,0,0,0,0,0,0,0,0,0,0,0,0,0,3,0,0
04/21/10,1,13,0,0,0,0,0,0,0,0,0,0,0,0,0,0,0,0,0,0,0,0
04/21/10,1,14,0,0,0,0,0,0,0,0,0,0,0,0,0,0,0,0,0,0,0,0
04/21/10,1,15,0,0,0,0,0,0,0,0,0,0,0,0,0,0,0,0,0,0,0,0
04/21/10,1,mean,0,0,0,0,0,0,0,0,0,0,0,0,0,0,0,0,0,0,0,0
04/21/10,1,median,0,0,0,0,0,0,0,0,0,0,0,0,0,0,0,0,0,0,0,0
04/21/10,1,min,0,0,0,0,0,0,0,0,0,0,0,0,0,0,0,0,0,0,0,0
04/21/10,1,max,0,0,0,3,0,0,0,0,0,0,0,0,0,0,0,0,0,3,0,0
04/21/10,1,frequency,0,0,0,13,0,0,0,0,0,0,0,0,0,0,0,0,0,13,0,0
04/21/10,2,1,0,0,0,0,0,0,0,0,0,0,0,0,0,0,0,0,0,0,0,0
04/21/10,2,2,0,0,0,3,0,0,0,0,0,0,0,0,0,0,0,0,0,3,0,0
04/21/10,2,3,0,0,0,0,0,0,0,0,0,0,0,0,0,5,0,0,0,5,0,0
04/21/10,2,4,0,0,0,3,0,0,0,0,0,0,0,0,0,0,0,0,0,3,0,0
04/21/10,2,5,0,0,0,0,0,0,0,0,0,0,0,0,0,0,0,0,0,0,0,0
04/21/10,2,6,0,0,0,0,0,0,0,0,0,0,0,0,0,0,0,0,0,0,0,0
04/21/10,2,7,0,0,0,0,0,0,0,0,0,0,0,0,0,3,0,0,0,3,0,0
04/21/10,2,8,0,0,0,0,0,0,0,0,0,0,0,0,0,0,0,0,0,0,0,0
04/21/10,2,9,0,0,0,3,0,0,0,0,0,0,0,0,0,0,0,0,0,3,0,0
04/21/10,2,10,0,0,0,0,0,0,0,0,0,0,0,0,0,0,0,0,0,0,0,0
04/21/10,2,11,0,0,0,0,0,0,0,0,0,0,0,0,0,0,0,0,0,0,0,0
04/21/10,2,12,0,0,0,0,0,0,0,0,0,0,0,0,0,0,0,0,0,0,0,0
04/21/10,2,13,0,0,0,0,0,0,0,0,0,0,0,0,0,0,0,0,0,0,0,0
04/21/10,2,14,0,0,0,3,0,0,0,0,0,0,0,0,0,0,0,0,0,3,0,0
04/21/10,2,15,0,0,0,0,0,0,0,0,0,0,0,0,0,10,0,0,0,10,0,0
04/21/10,2,mean,0,0,0,1,0,0,0,0,0,0,0,0,0,1,0,0,0,2,0,0
04/21/10,2,median,0,0,0,0,0,0,0,0,0,0,0,0,0,0,0,0,0,0,0,0
04/21/10,2,min,0,0,0,0,0,0,0,0,0,0,0,0,0,0,0,0,0,0,0,0
04/21/10,2,max,0,0,0,3,0,0,0,0,0,0,0,0,0,10,0,0,0,10,0,0
04/21/10,2,frequency,0,0,0,27,0,0,0,0,0,0,0,0,0,20,0,0,0,47,0,0
04/21/10,3,1,0,0,0,0,0,0,0,0,0,0,0,0,0,0,0,0,0,0,0,0
04/21/10,3,2,0,0,0,0,0,0,0,0,0,0,0,0,0,0,0,0,0,0,0,0
04/21/10,3,3,0,0,0,0,0,0,0,0,0,0,0,0,0,0,0,0,0,0,0,0
04/21/10,3,4,0,0,0,0,0,0,0,0,0,0,0,0,0,0,0,0,0,0,0,0
04/21/10,3,5,0,0,0,0,0,0,0,0,0,0,0,0,0,0,0,0,0,0,0,0
04/21/10,3,6,0,0,0,0,0,0,0,0,0,0,0,0,0,0,0,0,0,0,0,0
04/21/10,3,7,0,0,0,0,0,0,0,0,0,0,0,0,0,0,0,0,0,0,0,0
04/21/10,3,8,0,0,0,0,0,0,0,0,0,0,0,0,0,0,0,0,0,0,0,0
04/21/10,3,9,0,0,0,0,0,0,0,0,0,0,0,0,0,0,0,0,0,0,0,0
04/21/10,3,10,0,0,0,0,0,0,0,0,0,0,0,0,0,0,0,0,0,0,0,0
04/21/10,3,11,0,0,0,0,0,0,0,0,0,0,0,0,0,0,0,0,0,0,0,0
04/21/10,3,12,0,0,0,0,0,0,0,0,0,0,0,0,0,0,0,0,0,0,0,0
04/21/10,3,13,0,0,0,0,0,0,0,0,0,0,0,0,0,0,0,0,0,0,0,0
04/21/10,3,14,0,0,0,0,0,0,0,0,0,0,0,0,0,0,0,0,0,0,0,0
04/21/10,3,15,0,0,0,3,0,0,0,0,0,0,0,0,0,0,0,0,0,3,0,0
04/21/10,3,mean,0,0,0,0,0,0,0,0,0,0,0,0,0,0,0,0,0,0,0,0
04/21/10,3,median,0,0,0,0,0,0,0,0,0,0,0,0,0,0,0,0,0,0,0,0
04/21/10,3,min,0,0,0,0,0,0,0,0,0,0,0,0,0,0,0,0,0,0,0,0
04/21/10,3,max,0,0,0,3,0,0,0,0,0,0,0,0,0,0,0,0,0,3,0,0
04/21/10,3,frequency,0,0,0,7,0,0,0,0,0,0,0,0,0,0,0,0,0,7,0,0
04/21/10,4,1,0,0,3,0,0,0,0,0,0,0,0,0,0,0,0,0,0,3,0,0
04/21/10,4,2,0,0,0,0,0,0,0,0,0,0,0,0,0,0,0,0,0,0,0,0
04/21/10,4,3,20,0,0,0,0,0,0,0,0,0,0,0,0,0,0,0,0,20,0,0
04/21/10,4,4,0,0,0,0,0,0,0,0,0,0,0,0,0,0,0,0,0,0,0,0
04/21/10,4,5,0,0,0,0,0,0,0,0,0,0,0,0,0,0,0,0,0,0,0,0
04/21/10,4,6,0,0,3,0,0,0,0,0,0,0,0,0,0,0,0,0,0,3,0,0
04/21/10,4,7,0,0,0,0,0,0,0,0,0,0,0,0,0,0,0,0,0,0,0,0
04/21/10,4,8,0,0,0,0,0,0,0,0,0,0,0,0,0,0,0,0,0,0,0,0
04/21/10,4,9,0,0,0,0,0,0,0,0,0,0,0,0,0,0,0,0,0,0,0,0
04/21/10,4,10,0,0,3,0,0,0,0,0,0,0,0,0,0,0,0,0,0,3,0,0
04/21/10,4,11,0,0,0,0,0,0,0,0,0,0,0,0,0,0,0,0,0,0,0,0
04/21/10,4,12,0,0,0,0,0,0,0,0,0,0,0,0,0,0,0,0,0,0,0,0
04/21/10,4,13,0,0,0,0,0,0,0,0,0,0,0,0,0,0,0,0,0,0,0,0
04/21/10,4,14,0,0,0,0,0,0,0,0,0,0,0,0,0,0,0,0,0,0,0,0
04/21/10,4,15,25,0,0,0,0,0,0,0,0,0,0,0,0,0,0,0,0,25,0,0
04/21/10,4,mean,3,0,1,0,0,0,0,0,0,0,0,0,0,0,0,0,0,4,0,0
04/21/10,4,median,0,0,0,0,0,0,0,0,0,0,0,0,0,0,0,0,0,0,0,0
04/21/10,4,min,0,0,0,0,0,0,0,0,0,0,0,0,0,0,0,0,0,0,0,0
04/21/10,4,max,25,0,3,0,0,0,0,0,0,0,0,0,0,0,0,0,0,25,0,0
04/21/10,4,frequency,13,0,20,0,0,0,0,0,0,0,0,0,0,0,0,0,0,33,0,0
04/21/10,5,1,100,0,0,0,0,0,0,0,0,0,0,0,0,0,0,0,0,100,0,0
04/21/10,5,2,100,0,0,0,0,0,0,0,0,0,0,0,0,0,0,0,0,100,0,0
04/21/10,5,3,100,0,0,0,0,0,0,0,0,0,0,0,0,0,0,0,0,100,0,0
04/21/10,5,4,100,0,0,0,0,0,0,0,0,0,0,0,0,0,0,0,0,100,0,0
04/21/10,5,5,100,0,0,0,0,0,0,0,0,0,0,0,0,0,0,0,0,100,0,0
04/21/10,5,6,100,0,0,0,0,0,0,0,0,0,0,0,0,0,0,0,0,100,0,0
04/21/10,5,7,100,0,0,0,0,0,0,0,0,0,0,0,0,0,0,0,0,100,0,0
04/21/10,5,8,100,0,0,0,0,0,0,0,0,0,0,0,0,0,0,0,0,100,0,0
04/21/10,5,9,100,0,0,0,0,0,0,0,0,0,0,0,0,0,0,0,0,100,0,0
04/21/10,5,10,100,0,0,0,0,0,0,0,0,0,0,0,0,0,0,0,0,100,0,0
04/21/10,5,11,85,0,0,0,0,0,0,0,0,0,0,0,0,0,0,0,0,85,0,0
04/21/10,5,12,100,0,0,0,0,0,0,0,0,0,0,0,0,0,0,0,0,100,0,0
04/21/10,5,13,65,0,0,0,0,0,0,0,0,0,0,0,0,0,0,0,0,65,0,0
04/21/10,5,14,100,0,0,0,0,0,0,0,0,0,0,0,0,0,0,0,0,100,0,0
04/21/10,5,15,100,0,0,0,0,0,0,0,0,0,0,0,0,0,0,0,0,100,0,0
04/21/10,5,mean,97,0,0,0,0,0,0,0,0,0,0,0,0,0,0,0,0,97,0,0
04/21/10,5,median,100,0,0,0,0,0,0,0,0,0,0,0,0,0,0,0,0,100,0,0
04/21/10,5,min,65,0,0,0,0,0,0,0,0,0,0,0,0,0,0,0,0,65,0,0
04/21/10,5,max,100,0,0,0,0,0,0,0,0,0,0,0,0,0,0,0,0,100,0,0
04/21/10,5,frequency,100,0,0,0,0,0,0,0,0,0,0,0,0,0,0,0,0,100,0,0
04/21/10,6,1,0,0,0,0,0,0,0,0,0,0,0,0,0,0,0,0,0,0,0,0
04/21/10,6,2,0,0,0,0,0,0,0,0,0,0,0,0,0,0,0,0,0,0,0,0
04/21/10,6,3,0,0,0,0,0,0,0,0,0,0,0,0,0,0,0,0,0,0,0,0
04/21/10,6,4,0,3,0,0,0,0,0,0,0,0,0,0,0,0,0,0,0,3,0,0
04/21/10,6,5,0,3,0,0,0,0,0,0,0,0,0,0,0,0,0,0,0,3,0,0
04/21/10,6,6,0,0,0,0,0,0,0,0,0,0,0,0,0,0,0,0,0,0,0,0
04/21/10,6,7,0,0,0,0,0,0,0,0,0,0,0,0,0,0,0,0,0,0,0,0
04/21/10,6,8,0,0,0,0,0,0,0,0,0,0,0,0,0,0,0,0,0,0,0,0
04/21/10,6,9,0,0,0,0,0,0,0,0,0,0,0,0,0,0,0,0,0,0,0,0
04/21/10,6,10,20,0,0,0,0,0,0,0,0,0,0,0,0,0,0,0,0,20,0,0
04/21/10,6,11,0,0,0,0,0,0,0,0,0,0,0,0,0,0,0,0,0,0,0,0
04/21/10,6,12,0,0,0,0,0,0,0,0,0,0,0,0,0,0,0,0,0,0,0,0
04/21/10,6,13,5,0,0,0,0,0,0,0,0,0,0,0,0,0,0,0,0,5,0,0
04/21/10,6,14,10,0,0,0,0,0,0,0,0,0,0,0,0,0,0,0,0,10,0,0
04/21/10,6,15,0,3,0,0,0,0,0,0,0,0,0,0,0,0,0,0,0,3,0,0
04/21/10,6,mean,2,1,0,0,0,0,0,0,0,0,0,0,0,0,0,0,0,3,0,0
04/21/10,6,median,0,0,0,0,0,0,0,0,0,0,0,0,0,0,0,0,0,0,0,0
04/21/10,6,min,0,0,0,0,0,0,0,0,0,0,0,0,0,0,0,0,0,0,0,0
04/21/10,6,max,20,3,0,0,0,0,0,0,0,0,0,0,0,0,0,0,0,20,0,0
04/21/10,6,frequency,20,20,0,0,0,0,0,0,0,0,0,0,0,0,0,0,0,40,0,0
04/21/10,7,1,80,0,0,0,0,0,0,0,0,0,0,0,0,0,0,0,0,80,0,0
04/21/10,7,2,80,0,0,0,0,0,0,0,0,0,0,0,0,0,0,0,0,80,0,0
04/21/10,7,3,75,0,0,5,0,0,0,0,0,0,0,0,0,0,0,0,0,80,0,0
04/21/10,7,4,75,0,0,0,0,0,0,0,0,0,0,0,0,0,0,0,0,75,0,0
04/21/10,7,5,65,0,0,0,0,0,0,0,0,0,0,0,0,0,0,0,0,65,0,0
04/21/10,7,6,50,0,0,0,0,0,0,0,0,0,0,0,0,0,0,0,0,50,0,0
04/21/10,7,7,25,0,0,0,0,0,0,0,0,0,0,0,0,0,0,0,0,25,0,0
04/21/10,7,8,35,0,0,0,0,0,0,0,0,0,0,0,0,0,0,0,0,35,0,0
04/21/10,7,9,20,0,0,0,0,0,0,0,0,0,0,0,0,0,0,0,0,20,0,0
04/21/10,7,10,35,0,0,0,0,0,0,0,0,0,0,0,0,0,0,0,0,35,0,0
04/21/10,7,11,45,0,0,0,0,0,0,0,0,0,0,0,0,0,0,0,0,45,0,0
04/21/10,7,12,15,0,0,0,0,0,0,0,0,0,0,0,0,0,0,0,0,15,0,0
04/21/10,7,13,45,0,0,0,0,0,0,0,0,0,0,0,0,0,0,0,0,45,0,0
04/21/10,7,14,5,0,0,0,0,0,0,0,0,0,0,0,0,0,0,0,0,5,0,0
04/21/10,7,15,40,0,0,0,0,0,0,0,0,0,0,0,0,0,0,0,0,40,0,0
04/21/10,7,mean,46,0,0,0,0,0,0,0,0,0,0,0,0,0,0,0,0,46,0,0
04/21/10,7,median,45,0,0,0,0,0,0,0,0,0,0,0,0,0,0,0,0,45,0,0
04/21/10,7,min,5,0,0,0,0,0,0,0,0,0,0,0,0,0,0,0,0,5,0,0
04/21/10,7,max,80,0,0,5,0,0,0,0,0,0,0,0,0,0,0,0,0,80,0,0
04/21/10,7,frequency,100,0,0,7,0,0,0,0,0,0,0,0,0,0,0,0,0,100,0,0
04/21/10,8,1,10,0,0,5,0,0,0,0,0,0,0,0,0,0,0,0,0,15,0,0
04/21/10,8,2,10,0,0,5,0,0,0,0,0,0,0,0,0,0,0,0,0,15,0,0
04/21/10,8,3,40,0,0,0,0,0,0,0,0,0,0,0,0,0,0,0,0,40,0,0
04/21/10,8,4,80,0,0,3,0,0,0,0,0,0,0,0,0,0,0,0,0,80,0,0
04/21/10,8,5,100,0,0,10,0,0,0,0,0,0,0,0,0,0,0,0,0,100,0,0
04/21/10,8,6,85,0,0,20,0,0,0,0,0,0,0,0,0,0,0,0,0,100,0,0
04/21/10,8,7,80,0,0,20,0,0,0,0,0,0,0,0,0,0,0,0,0,95,0,0
04/21/10,8,8,100,0,0,0,0,0,0,0,0,0,0,0,0,0,0,0,0,100,0,0
04/21/10,8,9,75,0,0,0,0,0,0,0,0,0,0,0,0,0,0,0,0,75,0,0
04/21/10,8,10,95,0,0,5,0,0,0,0,0,0,0,0,0,0,0,0,0,95,0,0
04/21/10,8,11,95,0,0,0,0,0,0,0,0,0,0,0,0,0,0,0,0,95,0,0
04/21/10,8,12,95,0,0,3,0,0,0,0,0,0,0,0,0,0,0,0,0,95,0,0
04/21/10,8,13,90,0,0,15,0,0,0,0,0,0,0,0,0,0,0,0,0,95,0,0
04/21/10,8,14,45,0,0,5,0,0,0,0,0,0,0,0,0,0,0,0,0,50,0,0
04/21/10,8,15,3,0,0,0,0,0,0,0,0,0,0,0,0,0,0,0,0,3,0,0
04/21/10,8,mean,67,0,0,6,0,0,0,0,0,0,0,0,0,0,0,0,0,70,0,0
04/21/10,8,median,80,0,0,5,0,0,0,0,0,0,0,0,0,0,0,0,0,95,0,0
04/21/10,8,min,3,0,0,0,0,0,0,0,0,0,0,0,0,0,0,0,0,3,0,0
04/21/10,8,max,100,0,0,20,0,0,0,0,0,0,0,0,0,0,0,0,0,100,0,0
04/21/10,8,frequency,100,0,0,67,0,0,0,0,0,0,0,0,0,0,0,0,0,100,0,0
04/21/10,9,1,75,0,0,0,0,0,0,0,0,0,0,0,0,0,0,0,0,75,0,0
04/21/10,9,2,85,0,0,3,0,0,0,0,0,0,0,0,0,0,0,0,0,85,0,0
04/21/10,9,3,80,0,0,0,0,0,0,0,0,0,0,0,0,0,0,0,0,80,0,0
04/21/10,9,4,75,0,0,0,0,0,0,0,0,0,0,0,0,0,0,0,0,75,0,0
04/21/10,9,5,75,0,0,0,0,0,0,0,0,0,0,0,0,0,0,0,0,75,0,0
04/21/10,9,6,75,0,0,0,0,0,0,0,0,0,0,0,0,0,0,0,0,75,0,0
04/21/10,9,7,90,0,0,0,0,0,0,0,0,0,0,0,0,0,0,0,0,90,0,0
04/21/10,9,8,95,0,0,0,0,0,0,0,0,0,0,0,0,0,0,0,0,95,0,0
04/21/10,9,9,75,0,0,0,0,0,0,0,0,0,0,0,0,0,0,0,0,75,0,0
04/21/10,9,10,75,0,0,0,0,0,0,0,0,0,0,0,0,0,0,0,0,75,0,0
04/21/10,9,11,95,0,0,0,0,0,0,0,0,0,0,0,0,0,0,0,0,95,0,0
04/21/10,9,12,100,0,0,0,0,0,0,0,0,0,0,0,0,0,0,0,0,100,0,0
04/21/10,9,13,95,0,0,3,0,0,0,0,0,0,0,0,0,0,0,0,0,95,0,0
04/21/10,9,14,80,0,0,3,0,0,0,0,0,0,0,0,0,0,0,0,0,80,0,0
04/21/10,9,15,95,0,0,0,0,0,0,0,0,0,0,0,0,0,0,0,0,95,0,0
04/21/10,9,mean,84,0,0,1,0,0,0,0,0,0,0,0,0,0,0,0,0,84,0,0
04/21/10,9,median,80,0,0,0,0,0,0,0,0,0,0,0,0,0,0,0,0,80,0,0
04/21/10,9,min,75,0,0,0,0,0,0,0,0,0,0,0,0,0,0,0,0,75,0,0
04/21/10,9,max,100,0,0,3,0,0,0,0,0,0,0,0,0,0,0,0,0,100,0,0
04/21/10,9,frequency,100,0,0,20,0,0,0,0,0,0,0,0,0,0,0,0,0,100,0,0
04/21/10,10,1,0,15,0,0,0,0,0,0,0,0,0,0,0,0,0,0,0,15,0,0
04/21/10,10,2,0,15,0,0,0,0,0,0,0,0,0,0,0,0,0,0,0,15,0,0
04/21/10,10,3,0,15,0,0,0,0,0,0,0,0,0,0,0,0,0,0,0,15,0,0
04/21/10,10,4,0,10,0,0,0,0,0,0,0,0,0,0,0,0,0,0,0,10,0,0
04/21/10,10,5,0,10,0,0,0,0,0,0,0,0,0,0,0,0,0,0,0,10,0,0
04/21/10,10,6,0,20,0,0,0,0,0,0,0,0,0,0,0,0,0,0,0,20,0,0
04/21/10,10,7,0,10,0,0,0,0,0,0,0,0,0,0,0,0,0,0,0,10,0,0
04/21/10,10,8,0,20,0,0,0,0,0,0,0,0,0,0,0,0,0,0,0,20,0,0
04/21/10,10,9,0,20,0,0,0,0,0,0,0,0,0,0,0,0,0,0,0,20,0,0
04/21/10,10,10,0,20,0,0,0,0,0,0,0,0,0,0,0,0,0,0,0,20,0,0
04/21/10,10,11,0,20,0,0,0,0,0,0,0,0,0,0,0,0,0,0,0,20,0,0
04/21/10,10,12,0,10,0,0,0,0,0,0,0,0,0,0,0,0,0,0,0,10,0,0
04/21/10,10,13,0,15,0,0,0,0,0,0,0,0,0,0,0,0,0,0,0,15,0,0
04/21/10,10,14,0,15,0,0,0,0,0,0,0,0,0,0,0,0,0,0,0,15,0,0
04/21/10,10,15,0,15,0,0,0,0,0,0,0,0,0,0,0,0,0,0,0,15,0,0
04/21/10,10,mean,0,15,0,0,0,0,0,0,0,0,0,0,0,0,0,0,0,15,0,0
04/21/10,10,median,0,15,0,0,0,0,0,0,0,0,0,0,0,0,0,0,0,15,0,0
04/21/10,10,min,0,10,0,0,0,0,0,0,0,0,0,0,0,0,0,0,0,10,0,0
04/21/10,10,max,0,20,0,0,0,0,0,0,0,0,0,0,0,0,0,0,0,20,0,0
04/21/10,10,frequency,0,100,0,0,0,0,0,0,0,0,0,0,0,0,0,0,0,100,0,0
04/21/10,11,1,NA,NA,NA,NA,NA,NA,NA,NA,NA,NA,NA,NA,NA,NA,NA,NA,NA,NA,NA,NA
04/21/10,11,2,NA,NA,NA,NA,NA,NA,NA,NA,NA,NA,NA,NA,NA,NA,NA,NA,NA,NA,NA,NA
04/21/10,11,3,NA,NA,NA,NA,NA,NA,NA,NA,NA,NA,NA,NA,NA,NA,NA,NA,NA,NA,NA,NA
04/21/10,11,4,NA,NA,NA,NA,NA,NA,NA,NA,NA,NA,NA,NA,NA,NA,NA,NA,NA,NA,NA,NA
04/21/10,11,5,NA,NA,NA,NA,NA,NA,NA,NA,NA,NA,NA,NA,NA,NA,NA,NA,NA,NA,NA,NA
04/21/10,11,6,NA,NA,NA,NA,NA,NA,NA,NA,NA,NA,NA,NA,NA,NA,NA,NA,NA,NA,NA,NA
04/21/10,11,7,NA,NA,NA,NA,NA,NA,NA,NA,NA,NA,NA,NA,NA,NA,NA,NA,NA,NA,NA,NA
04/21/10,11,8,NA,NA,NA,NA,NA,NA,NA,NA,NA,NA,NA,NA,NA,NA,NA,NA,NA,NA,NA,NA
04/21/10,11,9,NA,NA,NA,NA,NA,NA,NA,NA,NA,NA,NA,NA,NA,NA,NA,NA,NA,NA,NA,NA
04/21/10,11,10,NA,NA,NA,NA,NA,NA,NA,NA,NA,NA,NA,NA,NA,NA,NA,NA,NA,NA,NA,NA
04/21/10,11,11,NA,NA,NA,NA,NA,NA,NA,NA,NA,NA,NA,NA,NA,NA,NA,NA,NA,NA,NA,NA
04/21/10,11,12,NA,NA,NA,NA,NA,NA,NA,NA,NA,NA,NA,NA,NA,NA,NA,NA,NA,NA,NA,NA
04/21/10,11,13,NA,NA,NA,NA,NA,NA,NA,NA,NA,NA,NA,NA,NA,NA,NA,NA,NA,NA,NA,NA
04/21/10,11,14,NA,NA,NA,NA,NA,NA,NA,NA,NA,NA,NA,NA,NA,NA,NA,NA,NA,NA,NA,NA
04/21/10,11,15,NA,NA,NA,NA,NA,NA,NA,NA,NA,NA,NA,NA,NA,NA,NA,NA,NA,NA,NA,NA
04/21/10,11,mean,NA,NA,NA,NA,NA,NA,NA,NA,NA,NA,NA,NA,NA,NA,NA,NA,NA,NA,NA,NA
04/21/10,11,median,NA,NA,NA,NA,NA,NA,NA,NA,NA,NA,NA,NA,NA,NA,NA,NA,NA,NA,NA,NA
04/21/10,11,min,NA,NA,NA,NA,NA,NA,NA,NA,NA,NA,NA,NA,NA,NA,NA,NA,NA,NA,NA,NA
04/21/10,11,max,NA,NA,NA,NA,NA,NA,NA,NA,NA,NA,NA,NA,NA,NA,NA,NA,NA,NA,NA,NA
04/21/10,11,frequency,NA,NA,NA,NA,NA,NA,NA,NA,NA,NA,NA,NA,NA,NA,NA,NA,NA,NA,NA,NA
04/21/10,12,1,35,0,0,0,0,0,0,0,0,0,0,0,0,0,0,0,0,35,0,0
04/21/10,12,2,30,0,0,0,0,0,0,0,0,0,0,0,0,0,0,0,0,30,0,0
04/21/10,12,3,15,0,0,0,0,0,0,0,0,0,0,0,0,0,0,0,0,15,0,0
04/21/10,12,4,5,0,0,0,0,0,0,0,0,0,0,0,0,0,0,0,0,5,0,0
04/21/10,12,5,10,3,0,0,0,0,0,0,0,0,0,0,0,0,0,0,0,10,0,0
04/21/10,12,6,10,3,0,0,0,0,0,0,0,0,0,0,0,0,0,0,0,10,0,0
04/21/10,12,7,10,3,0,0,0,0,0,0,0,0,0,0,0,0,0,0,0,10,0,0
04/21/10,12,8,15,0,0,0,0,0,0,0,0,0,0,0,0,0,0,0,0,15,0,0
04/21/10,12,9,30,3,0,0,0,0,0,0,0,0,0,0,0,0,0,0,0,30,0,0
04/21/10,12,10,10,3,0,0,0,0,0,0,0,0,0,0,0,0,0,0,0,10,0,0
04/21/10,12,11,10,3,0,0,0,0,0,0,0,0,0,0,0,0,0,0,0,10,0,0
04/21/10,12,12,50,0,0,0,0,0,0,0,0,0,0,0,0,0,0,0,0,50,0,0
04/21/10,12,13,100,0,0,0,0,0,0,0,0,0,0,0,0,0,0,0,0,100,0,0
04/21/10,12,14,90,0,0,0,0,0,0,0,0,0,0,0,0,0,0,0,0,90,0,0
04/21/10,12,15,90,0,0,0,0,0,0,0,0,0,0,0,0,0,0,0,0,90,0,0
04/21/10,12,mean,34,1,0,0,0,0,0,0,0,0,0,0,0,0,0,0,0,34,0,0
04/21/10,12,median,15,0,0,0,0,0,0,0,0,0,0,0,0,0,0,0,0,15,0,0
04/21/10,12,min,5,0,0,0,0,0,0,0,0,0,0,0,0,0,0,0,0,5,0,0
04/21/10,12,max,100,3,0,0,0,0,0,0,0,0,0,0,0,0,0,0,0,100,0,0
04/21/10,12,frequency,100,40,0,0,0,0,0,0,0,0,0,0,0,0,0,0,0,100,0,0
04/21/10,13,1,85,0,0,0,0,0,0,0,0,0,0,0,0,0,0,0,0,85,0,0
04/21/10,13,2,70,0,0,0,0,0,0,0,0,0,0,0,0,0,0,0,0,70,0,0
04/21/10,13,3,85,0,0,0,0,0,0,0,0,0,0,0,0,0,0,0,0,85,0,0
04/21/10,13,4,55,0,0,0,0,0,0,0,0,0,0,0,0,0,0,0,0,55,0,0
04/21/10,13,5,75,0,0,0,0,0,0,0,0,0,0,0,0,0,0,0,0,75,0,0
04/21/10,13,6,55,0,0,0,0,0,0,0,0,0,0,0,0,0,0,0,0,55,0,0
04/21/10,13,7,55,0,0,0,0,0,0,0,0,0,0,0,0,0,0,0,0,55,0,0
04/21/10,13,8,50,0,0,0,0,0,0,0,0,0,0,0,0,0,0,0,0,50,0,0
04/21/10,13,9,35,0,0,0,0,0,0,0,0,0,0,0,0,0,0,0,0,35,0,0
04/21/10,13,10,45,0,0,0,0,0,0,0,0,0,0,0,0,0,0,0,0,45,0,0
04/21/10,13,11,65,0,0,0,0,0,0,0,0,0,0,0,0,0,0,0,0,65,0,0
04/21/10,13,12,85,0,0,3,0,0,0,0,0,0,0,0,0,0,0,0,0,85,0,0
04/21/10,13,13,30,0,0,0,0,0,0,0,0,0,0,0,0,0,0,0,0,30,0,0
04/21/10,13,14,90,0,0,0,0,0,0,0,0,0,0,0,0,0,0,0,0,90,0,0
04/21/10,13,15,85,0,0,0,0,0,0,0,0,0,0,0,0,0,0,0,0,85,0,0
04/21/10,13,mean,64,0,0,0,0,0,0,0,0,0,0,0,0,0,0,0,0,64,0,0
04/21/10,13,median,65,0,0,0,0,0,0,0,0,0,0,0,0,0,0,0,0,65,0,0
04/21/10,13,min,30,0,0,0,0,0,0,0,0,0,0,0,0,0,0,0,0,30,0,0
04/21/10,13,max,90,0,0,3,0,0,0,0,0,0,0,0,0,0,0,0,0,90,0,0
04/21/10,13,frequency,100,0,0,7,0,0,0,0,0,0,0,0,0,0,0,0,0,100,0,0
04/21/10,14,1,0,20,0,0,0,0,0,0,0,0,0,0,0,0,0,0,0,20,0,0
04/21/10,14,2,0,15,0,0,0,0,0,0,0,0,0,0,0,0,0,0,0,15,0,0
04/21/10,14,3,0,10,0,0,0,0,0,0,0,0,0,0,0,0,0,0,0,10,0,0
04/21/10,14,4,0,15,0,0,0,0,0,0,0,0,0,0,0,0,0,0,0,15,0,0
04/21/10,14,5,0,5,0,0,0,0,0,0,0,0,0,0,0,0,0,0,0,5,0,0
04/21/10,14,6,0,10,0,0,0,0,0,0,0,0,0,0,0,0,0,0,0,10,0,0
04/21/10,14,7,0,15,0,0,0,0,0,0,0,0,0,0,0,0,0,0,0,15,0,0
04/21/10,14,8,0,10,0,0,0,0,0,0,0,0,0,0,0,0,0,0,0,10,0,0
04/21/10,14,9,0,15,0,0,0,0,0,0,0,0,0,0,0,0,0,0,0,15,0,0
04/21/10,14,10,0,15,0,0,0,0,0,0,0,0,0,0,0,0,0,0,0,15,0,0
04/21/10,14,11,0,10,0,0,0,0,0,0,0,0,0,0,0,0,0,0,0,10,0,0
04/21/10,14,12,0,15,0,0,0,0,0,0,0,0,0,0,0,0,0,0,0,15,0,0
04/21/10,14,13,0,15,0,0,0,0,0,0,0,0,0,0,0,0,0,0,0,15,0,0
04/21/10,14,14,0,20,0,0,0,0,0,0,0,0,0,0,0,0,0,0,0,20,0,0
04/21/10,14,15,0,15,0,0,0,0,0,0,0,0,0,0,0,0,0,0,0,15,0,0
04/21/10,14,mean,0,14,0,0,0,0,0,0,0,0,0,0,0,0,0,0,0,14,0,0
04/21/10,14,median,0,15,0,0,0,0,0,0,0,0,0,0,0,0,0,0,0,15,0,0
04/21/10,14,min,0,5,0,0,0,0,0,0,0,0,0,0,0,0,0,0,0,5,0,0
04/21/10,14,max,0,20,0,0,0,0,0,0,0,0,0,0,0,0,0,0,0,20,0,0
04/21/10,14,frequency,0,100,0,0,0,0,0,0,0,0,0,0,0,0,0,0,0,100,0,0
04/21/10,15,1,0,3,0,3,0,0,0,0,0,0,0,0,0,0,0,0,0,3,0,0
04/21/10,15,2,0,3,0,3,0,0,0,0,0,0,0,0,0,0,0,0,0,3,0,0
04/21/10,15,3,0,3,0,3,0,0,0,0,0,0,0,0,0,0,0,0,0,3,0,0
04/21/10,15,4,0,5,0,5,0,0,0,0,0,0,0,0,0,0,0,0,0,10,0,0
04/21/10,15,5,0,3,0,3,0,0,0,0,0,0,0,0,0,0,0,0,0,5,0,0
04/21/10,15,6,0,3,0,3,0,0,0,0,0,0,0,0,0,0,0,0,0,3,0,0
04/21/10,15,7,0,3,0,3,0,0,0,0,0,0,0,0,0,0,0,0,0,3,0,0
04/21/10,15,8,0,0,0,3,0,0,0,0,0,0,0,0,0,0,0,0,0,3,0,0
04/21/10,15,9,0,3,0,5,0,0,0,0,0,0,0,0,0,0,0,0,0,5,0,0
04/21/10,15,10,0,5,0,3,0,0,0,0,0,0,0,0,0,0,0,0,0,5,0,0
04/21/10,15,11,0,3,0,3,0,0,0,0,0,0,0,0,0,0,0,0,0,5,0,0
04/21/10,15,12,0,3,0,3,0,0,0,0,0,0,0,0,0,0,0,0,0,3,0,0
04/21/10,15,13,0,3,0,3,0,0,0,0,0,0,0,0,0,0,0,0,0,3,0,0
04/21/10,15,14,0,3,0,3,0,0,0,0,0,0,0,0,0,0,0,0,0,3,0,0
04/21/10,15,15,0,3,0,3,0,0,0,0,0,0,0,0,0,0,0,0,0,3,0,0
04/21/10,15,mean,0,3,0,3,0,0,0,0,0,0,0,0,0,0,0,0,0,4,0,0
04/21/10,15,median,0,3,0,3,0,0,0,0,0,0,0,0,0,0,0,0,0,3,0,0
04/21/10,15,min,0,0,0,3,0,0,0,0,0,0,0,0,0,0,0,0,0,3,0,0
04/21/10,15,max,0,5,0,5,0,0,0,0,0,0,0,0,0,0,0,0,0,10,0,0
04/21/10,15,frequency,0,93,0,100,0,0,0,0,0,0,0,0,0,0,0,0,0,100,0,0
04/21/10,16,1,0,3,0,3,0,0,0,0,0,0,0,0,0,0,0,0,0,3,0,0
04/21/10,16,2,0,15,0,3,0,0,0,0,0,0,0,0,0,0,0,0,0,15,0,0
04/21/10,16,3,0,15,0,0,0,0,0,0,0,0,0,0,0,0,0,0,0,15,0,0
04/21/10,16,4,0,3,0,3,0,0,0,0,0,0,0,0,0,0,0,0,0,3,0,0
04/21/10,16,5,0,5,0,3,0,0,0,0,0,0,0,0,0,0,0,0,0,5,0,0
04/21/10,16,6,0,3,0,3,0,0,0,0,0,0,0,0,0,0,0,0,0,3,0,0
04/21/10,16,7,0,5,0,3,0,0,0,0,0,0,0,0,0,0,0,0,0,5,0,0
04/21/10,16,8,0,3,0,0,0,0,0,0,0,0,0,0,0,0,0,0,0,3,0,0
04/21/10,16,9,0,5,0,0,0,0,0,0,0,0,0,0,0,0,0,0,0,5,0,0
04/21/10,16,10,0,20,0,3,3,0,0,0,0,0,0,0,0,0,0,0,0,20,0,0
04/21/10,16,11,0,10,0,3,0,0,0,0,0,0,0,0,0,0,0,0,0,10,0,0
04/21/10,16,12,0,5,0,0,0,0,0,0,0,0,0,0,0,0,0,0,0,5,0,0
04/21/10,16,13,0,5,0,0,3,0,0,0,0,0,0,0,0,0,0,0,0,5,0,0
04/21/10,16,14,0,3,0,0,0,0,0,0,0,0,0,0,0,0,0,0,0,3,0,0
04/21/10,16,15,0,3,0,0,0,0,0,0,0,0,0,0,0,0,0,0,0,3,0,0
04/21/10,16,mean,0,7,0,2,0,0,0,0,0,0,0,0,0,0,0,0,0,7,0,0
04/21/10,16,median,0,5,0,3,0,0,0,0,0,0,0,0,0,0,0,0,0,5,0,0
04/21/10,16,min,0,3,0,0,0,0,0,0,0,0,0,0,0,0,0,0,0,3,0,0
04/21/10,16,max,0,20,0,3,3,0,0,0,0,0,0,0,0,0,0,0,0,20,0,0
04/21/10,16,frequency,0,100,0,53,13,0,0,0,0,0,0,0,0,0,0,0,0,100,0,0
04/21/10,17,1,0,0,0,0,0,0,0,0,0,0,0,0,0,0,0,0,0,0,0,0
04/21/10,17,2,0,0,0,3,0,0,0,0,0,0,0,0,0,0,0,0,0,3,0,0
04/21/10,17,3,0,0,0,0,0,0,0,0,0,0,0,0,0,0,0,0,0,0,0,0
04/21/10,17,4,0,0,0,3,0,0,0,0,0,0,0,0,0,0,0,0,0,3,0,0
04/21/10,17,5,0,0,0,3,0,0,0,0,0,0,0,0,0,0,0,0,0,3,0,0
04/21/10,17,6,0,0,0,0,0,0,0,0,0,0,0,0,0,0,0,0,0,0,0,0
04/21/10,17,7,0,0,0,3,0,0,0,0,0,0,0,0,0,0,0,0,0,3,0,0
04/21/10,17,8,0,0,0,3,0,0,0,0,0,0,0,0,0,0,0,0,0,3,0,0
04/21/10,17,9,0,0,0,3,0,0,0,0,0,0,0,0,0,0,0,0,0,3,0,0
04/21/10,17,10,0,0,0,3,0,0,0,0,0,0,0,0,0,0,0,0,0,3,0,0
04/21/10,17,11,0,0,0,3,0,0,0,0,0,0,0,0,0,0,0,0,0,3,0,0
04/21/10,17,12,0,0,0,0,0,0,0,0,0,0,0,0,0,0,0,0,0,0,0,0
04/21/10,17,13,0,0,0,0,0,0,0,0,0,0,0,0,0,0,0,0,0,0,0,0
04/21/10,17,14,0,0,0,0,0,0,0,0,0,0,0,0,0,0,0,0,0,0,0,0
04/21/10,17,15,0,0,0,0,0,0,0,0,0,0,0,0,0,0,0,0,0,0,0,0
04/21/10,17,mean,0,0,0,2,0,0,0,0,0,0,0,0,0,0,0,0,0,2,0,0
04/21/10,17,median,0,0,0,3,0,0,0,0,0,0,0,0,0,0,0,0,0,3,0,0
04/21/10,17,min,0,0,0,0,0,0,0,0,0,0,0,0,0,0,0,0,0,0,0,0
04/21/10,17,max,0,0,0,3,0,0,0,0,0,0,0,0,0,0,0,0,0,3,0,0
04/21/10,17,frequency,0,0,0,53,0,0,0,0,0,0,0,0,0,0,0,0,0,53,0,0
04/21/10,18,1,0,5,0,3,3,0,0,0,0,0,0,0,0,0,0,0,0,5,0,0
04/21/10,18,2,0,5,0,3,3,0,0,0,0,0,0,0,0,0,0,0,0,10,0,0
04/21/10,18,3,0,3,0,3,3,0,0,0,0,0,0,0,0,0,0,0,0,10,0,0
04/21/10,18,4,0,5,0,5,3,0,0,0,0,0,0,0,0,0,0,0,0,10,0,0
04/21/10,18,5,0,3,0,5,3,0,0,0,0,0,0,0,0,0,0,0,0,10,0,0
04/21/10,18,6,0,5,0,5,3,0,0,0,0,0,0,0,3,0,0,0,0,10,0,0
04/21/10,18,7,0,5,0,5,3,0,0,0,0,0,0,0,0,0,0,0,0,10,0,0
04/21/10,18,8,0,10,0,5,3,0,0,0,0,0,0,0,0,0,0,0,0,15,0,0
04/21/10,18,9,0,5,0,5,0,0,0,0,0,0,0,0,0,0,0,0,0,10,0,0
04/21/10,18,10,0,5,0,3,3,0,0,0,0,0,0,0,0,0,0,0,0,10,0,0
04/21/10,18,11,0,3,0,5,3,0,0,0,0,0,0,0,0,0,0,0,0,10,0,0
04/21/10,18,12,0,3,0,3,3,0,0,0,0,0,0,0,0,0,0,0,0,5,0,0
04/21/10,18,13,0,3,0,3,3,0,0,0,0,0,0,0,3,0,0,0,0,5,0,0
04/21/10,18,14,0,5,0,3,3,0,0,0,0,0,0,0,0,0,0,0,0,5,0,0
04/21/10,18,15,0,3,0,3,3,0,0,0,0,0,0,0,0,0,0,0,0,5,0,0
04/21/10,18,mean,0,5,0,4,3,0,0,0,0,0,0,0,0,0,0,0,0,9,0,0
04/21/10,18,median,0,5,0,3,3,0,0,0,0,0,0,0,0,0,0,0,0,10,0,0
04/21/10,18,min,0,3,0,3,0,0,0,0,0,0,0,0,0,0,0,0,0,5,0,0
04/21/10,18,max,0,10,0,5,3,0,0,0,0,0,0,0,3,0,0,0,0,15,0,0
04/21/10,18,frequency,0,100,0,100,93,0,0,0,0,0,0,0,13,0,0,0,0,100,0,0
04/21/10,19,1,0,15,0,10,0,0,0,0,0,0,0,0,0,0,0,0,0,25,0,0
04/21/10,19,2,0,20,0,3,0,0,0,0,0,0,0,0,0,0,0,0,0,20,0,0
04/21/10,19,3,0,15,0,5,0,0,0,0,0,0,0,0,0,0,0,0,0,20,0,0
04/21/10,19,4,0,15,0,5,0,0,0,0,0,0,0,0,0,0,0,0,0,20,0,0
04/21/10,19,5,0,15,0,3,0,0,3,0,0,0,0,0,0,0,0,0,0,15,0,0
04/21/10,19,6,0,20,0,5,0,0,0,0,0,0,0,0,0,0,0,0,0,25,0,0
04/21/10,19,7,0,25,0,3,0,0,0,0,0,0,0,0,0,0,0,0,0,25,0,0
04/21/10,19,8,0,25,0,3,0,0,0,0,0,0,0,0,0,0,0,0,0,25,0,0
04/21/10,19,9,0,25,0,3,0,0,0,0,0,0,0,0,0,0,0,0,0,25,0,0
04/21/10,19,10,0,15,0,5,0,0,0,0,0,0,0,0,0,0,0,0,0,20,0,0
04/21/10,19,11,0,15,0,3,0,0,0,0,0,0,0,0,0,0,0,0,0,15,0,0
04/21/10,19,12,0,20,0,5,0,0,0,0,0,0,0,0,0,0,0,0,0,25,0,0
04/21/10,19,13,0,15,0,15,0,0,0,0,0,0,0,0,0,0,0,0,0,30,0,0
04/21/10,19,14,0,25,0,5,0,0,0,0,0,0,0,0,0,0,0,0,0,30,0,0
04/21/10,19,15,0,15,0,10,0,0,0,0,0,0,0,0,0,0,0,0,0,30,0,0
04/21/10,19,mean,0,19,0,6,0,0,0,0,0,0,0,0,0,0,0,0,0,23,0,0
04/21/10,19,median,0,15,0,5,0,0,0,0,0,0,0,0,0,0,0,0,0,25,0,0
04/21/10,19,min,0,15,0,3,0,0,0,0,0,0,0,0,0,0,0,0,0,15,0,0
04/21/10,19,max,0,25,0,15,0,0,3,0,0,0,0,0,0,0,0,0,0,30,0,0
04/21/10,19,frequency,0,100,0,100,0,0,7,0,0,0,0,0,0,0,0,0,0,100,0,0
04/21/10,20,1,0,25,0,0,0,0,0,0,0,0,0,0,0,0,0,0,0,25,0,0
04/21/10,20,2,0,10,0,3,0,3,0,0,0,0,0,0,0,0,0,0,0,15,0,0
04/21/10,20,3,0,25,0,0,0,0,0,0,0,0,0,0,0,0,0,0,0,25,0,0
04/21/10,20,4,0,25,0,3,0,0,0,0,0,0,0,0,0,0,0,0,0,25,0,0
04/21/10,20,5,0,20,0,3,0,0,0,0,0,0,0,0,0,0,0,0,0,20,0,0
04/21/10,20,6,0,15,0,3,0,0,0,0,0,0,0,0,0,0,0,0,0,15,0,0
04/21/10,20,7,0,25,0,3,0,3,0,0,0,0,0,0,0,0,0,0,0,25,0,0
04/21/10,20,8,0,20,0,3,0,0,0,0,0,0,0,0,0,0,0,0,0,20,0,0
04/21/10,20,9,0,20,0,3,0,0,0,0,0,0,0,0,0,0,0,0,0,20,0,0
04/21/10,20,10,0,15,0,3,0,0,3,0,0,0,0,0,0,0,0,0,0,20,0,0
04/21/10,20,11,0,20,0,5,0,0,0,0,0,0,0,0,0,0,0,0,0,25,0,0
04/21/10,20,12,0,25,0,5,0,0,0,0,0,0,0,0,0,0,0,0,0,30,0,0
04/21/10,20,13,0,15,0,0,0,5,0,0,0,0,0,0,0,0,0,0,0,20,0,0
04/21/10,20,14,0,15,0,3,0,5,0,0,0,0,0,0,0,0,0,0,0,20,0,0
04/21/10,20,15,0,20,0,3,0,0,0,0,0,0,0,0,0,0,0,0,0,20,0,0
04/21/10,20,mean,0,20,0,3,0,1,0,0,0,0,0,0,0,0,0,0,0,22,0,0
04/21/10,20,median,0,20,0,3,0,0,0,0,0,0,0,0,0,0,0,0,0,20,0,0
04/21/10,20,min,0,10,0,0,0,0,0,0,0,0,0,0,0,0,0,0,0,15,0,0
04/21/10,20,max,0,25,0,5,0,5,3,0,0,0,0,0,0,0,0,0,0,30,0,0
04/21/10,20,frequency,0,100,0,80,0,27,7,0,0,0,0,0,0,0,0,0,0,100,0,0
04/21/10,21,1,0,25,0,3,0,0,3,0,0,0,0,0,0,0,0,0,0,25,0,0
04/21/10,21,2,0,10,0,3,0,0,10,0,0,0,0,0,0,0,0,3,3,25,0,0
04/21/10,21,3,0,30,0,3,0,3,0,0,0,0,0,0,0,0,0,0,0,30,0,0
04/21/10,21,4,0,20,0,0,0,10,0,0,3,0,0,0,0,0,0,5,5,35,0,0
04/21/10,21,5,0,0,0,25,3,0,0,3,0,0,0,0,0,0,0,0,0,30,0,0
04/21/10,21,6,0,3,0,45,0,0,0,0,0,0,0,0,0,0,0,0,0,45,0,0
04/21/10,21,7,0,20,0,5,0,5,0,0,0,0,0,0,0,0,0,3,3,35,0,0
04/21/10,21,8,0,25,0,5,0,0,0,0,0,0,0,0,0,0,0,5,5,35,0,0
04/21/10,21,9,0,10,0,10,0,0,10,20,0,0,0,0,5,0,0,10,10,65,0,0
04/21/10,21,10,0,5,0,0,0,10,3,0,0,0,0,0,0,0,0,0,0,15,0,0
04/21/10,21,11,0,20,0,3,0,10,0,0,0,0,0,0,0,0,0,0,0,30,0,0
04/21/10,21,12,0,10,0,5,0,0,5,0,0,0,0,0,0,0,0,0,0,20,0,0
04/21/10,21,13,0,20,0,3,0,15,0,0,0,0,0,0,0,0,0,0,0,35,0,0
04/21/10,21,14,0,10,0,0,0,0,0,0,0,0,0,0,0,0,0,3,3,10,0,0
04/21/10,21,15,0,20,0,0,0,5,3,0,0,0,0,0,0,0,0,0,0,25,0,0
04/21/10,21,mean,0,15,0,7,0,4,2,2,0,0,0,0,0,0,0,2,2,31,0,0
04/21/10,21,median,0,20,0,3,0,0,0,0,0,0,0,0,0,0,0,0,0,30,0,0
04/21/10,21,min,0,0,0,0,0,0,0,0,0,0,0,0,0,0,0,0,0,10,0,0
04/21/10,21,max,0,30,0,45,3,15,10,20,3,0,0,0,5,0,0,10,10,65,0,0
04/21/10,21,frequency,0,93,0,73,7,47,40,13,7,0,0,0,7,0,0,40,40,100,0,0
Not done,22,1,,,,,,,,,,,,,,,,,,,0,0
Not done,22,2,,,,,,,,,,,,,,,,,,,0,0
Not done,22,3,,,,,,,,,,,,,,,,,,,0,0
Not done,22,4,,,,,,,,,,,,,,,,,,,0,0
Not done,22,5,,,,,,,,,,,,,,,,,,,0,0
Not done,22,6,,,,,,,,,,,,,,,,,,,0,0
Not done,22,7,,,,,,,,,,,,,,,,,,,0,0
Not done,22,8,,,,,,,,,,,,,,,,,,,0,0
Not done,22,9,,,,,,,,,,,,,,,,,,,0,0
Not done,22,10,,,,,,,,,,,,,,,,,,,0,0
Not done,22,11,,,,,,,,,,,,,,,,,,,0,0
Not done,22,12,,,,,,,,,,,,,,,,,,,0,0
Not done,22,13,,,,,,,,,,,,,,,,,,,0,0
Not done,22,14,,,,,,,,,,,,,,,,,,,0,0
Not done,22,15,,,,,,,,,,,,,,,,,,,0,0
Not done,22,mean,,,,,,,,,,,,,,,,,,,0,0
Not done,22,median,,,,,,,,,,,,,,,,,,,0,0
Not done,22,min,,,,,,,,,,,,,,,,,,,0,0
Not done,22,max,,,,,,,,,,,,,,,,,,,0,0
Not done,22,frequency,,,,,,,,,,,,,,,,,,,0,0
Not done,23,1,,,,,,,,,,,,,,,,,,,0,0
Not done,23,2,,,,,,,,,,,,,,,,,,,0,0
Not done,23,3,,,,,,,,,,,,,,,,,,,0,0
Not done,23,4,,,,,,,,,,,,,,,,,,,0,0
Not done,23,5,,,,,,,,,,,,,,,,,,,0,0
Not done,23,6,,,,,,,,,,,,,,,,,,,0,0
Not done,23,7,,,,,,,,,,,,,,,,,,,0,0
Not done,23,8,,,,,,,,,,,,,,,,,,,0,0
Not done,23,9,,,,,,,,,,,,,,,,,,,0,0
Not done,23,10,,,,,,,,,,,,,,,,,,,0,0
Not done,23,11,,,,,,,,,,,,,,,,,,,0,0
Not done,23,12,,,,,,,,,,,,,,,,,,,0,0
Not done,23,13,,,,,,,,,,,,,,,,,,,0,0
Not done,23,14,,,,,,,,,,,,,,,,,,,0,0
Not done,23,15,,,,,,,,,,,,,,,,,,,0,0
Not done,23,mean,,,,,,,,,,,,,,,,,,,0,0
Not done,23,median,,,,,,,,,,,,,,,,,,,0,0
Not done,23,min,,,,,,,,,,,,,,,,,,,0,0
Not done,23,max,,,,,,,,,,,,,,,,,,,0,0
Not done,23,frequency,,,,,,,,,,,,,,,,,,,0,0
Not done,24,1,,,,,,,,,,,,,,,,,,,0,0
Not done,24,2,,,,,,,,,,,,,,,,,,,0,0
Not done,24,3,,,,,,,,,,,,,,,,,,,0,0
Not done,24,4,,,,,,,,,,,,,,,,,,,0,0
Not done,24,5,,,,,,,,,,,,,,,,,,,0,0
Not done,24,6,,,,,,,,,,,,,,,,,,,0,0
Not done,24,7,,,,,,,,,,,,,,,,,,,0,0
Not done,24,8,,,,,,,,,,,,,,,,,,,0,0
Not done,24,9,,,,,,,,,,,,,,,,,,,0,0
Not done,24,10,,,,,,,,,,,,,,,,,,,0,0
Not done,24,11,,,,,,,,,,,,,,,,,,,0,0
Not done,24,12,,,,,,,,,,,,,,,,,,,0,0
Not done,24,13,,,,,,,,,,,,,,,,,,,0,0
Not done,24,14,,,,,,,,,,,,,,,,,,,0,0
Not done,24,15,,,,,,,,,,,,,,,,,,,0,0
Not done,24,mean,,,,,,,,,,,,,,,,,,,0,0
Not done,24,median,,,,,,,,,,,,,,,,,,,0,0
Not done,24,min,,,,,,,,,,,,,,,,,,,0,0
Not done,24,max,,,,,,,,,,,,,,,,,,,0,0
Not done,24,frequency,,,,,,,,,,,,,,,,,,,0,0
Not done,25,1,,,,,,,,,,,,,,,,,,,0,0
Not done,25,2,,,,,,,,,,,,,,,,,,,0,0
Not done,25,3,,,,,,,,,,,,,,,,,,,0,0
Not done,25,4,,,,,,,,,,,,,,,,,,,0,0
Not done,25,5,,,,,,,,,,,,,,,,,,,0,0
Not done,25,6,,,,,,,,,,,,,,,,,,,0,0
Not done,25,7,,,,,,,,,,,,,,,,,,,0,0
Not done,25,8,,,,,,,,,,,,,,,,,,,0,0
Not done,25,9,,,,,,,,,,,,,,,,,,,0,0
Not done,25,10,,,,,,,,,,,,,,,,,,,0,0
Not done,25,11,,,,,,,,,,,,,,,,,,,0,0
Not done,25,12,,,,,,,,,,,,,,,,,,,0,0
Not done,25,13,,,,,,,,,,,,,,,,,,,0,0
Not done,25,14,,,,,,,,,,,,,,,,,,,0,0
Not done,25,15,,,,,,,,,,,,,,,,,,,0,0
Not done,25,mean,,,,,,,,,,,,,,,,,,,0,0
Not done,25,median,,,,,,,,,,,,,,,,,,,0,0
Not done,25,min,,,,,,,,,,,,,,,,,,,0,0
Not done,25,max,,,,,,,,,,,,,,,,,,,0,0
Not done,25,frequency,,,,,,,,,,,,,,,,,,,0,0
Not done,26,1,,,,,,,,,,,,,,,,,,,0,0
Not done,26,2,,,,,,,,,,,,,,,,,,,0,0
Not done,26,3,,,,,,,,,,,,,,,,,,,0,0
Not done,26,4,,,,,,,,,,,,,,,,,,,0,0
Not done,26,5,,,,,,,,,,,,,,,,,,,0,0
Not done,26,6,,,,,,,,,,,,,,,,,,,0,0
Not done,26,7,,,,,,,,,,,,,,,,,,,0,0
Not done,26,8,,,,,,,,,,,,,,,,,,,0,0
Not done,26,9,,,,,,,,,,,,,,,,,,,0,0
Not done,26,10,,,,,,,,,,,,,,,,,,,0,0
Not done,26,11,,,,,,,,,,,,,,,,,,,0,0
Not done,26,12,,,,,,,,,,,,,,,,,,,0,0
Not done,26,13,,,,,,,,,,,,,,,,,,,0,0
Not done,26,14,,,,,,,,,,,,,,,,,,,0,0
Not done,26,15,,,,,,,,,,,,,,,,,,,0,0
Not done,26,mean,,,,,,,,,,,,,,,,,,,0,0
Not done,26,median,,,,,,,,,,,,,,,,,,,0,0
Not done,26,min,,,,,,,,,,,,,,,,,,,0,0
Not done,26,max,,,,,,,,,,,,,,,,,,,0,0
Not done,26,frequency,,,,,,,,,,,,,,,,,,,0,0
Not done,27,1,,,,,,,,,,,,,,,,,,,0,0
Not done,27,2,,,,,,,,,,,,,,,,,,,0,0
Not done,27,3,,,,,,,,,,,,,,,,,,,0,0
Not done,27,4,,,,,,,,,,,,,,,,,,,0,0
Not done,27,5,,,,,,,,,,,,,,,,,,,0,0
Not done,27,6,,,,,,,,,,,,,,,,,,,0,0
Not done,27,7,,,,,,,,,,,,,,,,,,,0,0
Not done,27,8,,,,,,,,,,,,,,,,,,,0,0
Not done,27,9,,,,,,,,,,,,,,,,,,,0,0
Not done,27,10,,,,,,,,,,,,,,,,,,,0,0
Not done,27,11,,,,,,,,,,,,,,,,,,,0,0
Not done,27,12,,,,,,,,,,,,,,,,,,,0,0
Not done,27,13,,,,,,,,,,,,,,,,,,,0,0
Not done,27,14,,,,,,,,,,,,,,,,,,,0,0
Not done,27,15,,,,,,,,,,,,,,,,,,,0,0
Not done,27,mean,,,,,,,,,,,,,,,,,,,0,0
Not done,27,median,,,,,,,,,,,,,,,,,,,0,0
Not done,27,min,,,,,,,,,,,,,,,,,,,0,0
Not done,27,max,,,,,,,,,,,,,,,,,,,0,0
Not done,27,frequency,,,,,,,,,,,,,,,,,,,0,0
Not done,28,1,,,,,,,,,,,,,,,,,,,0,0
Not done,28,2,,,,,,,,,,,,,,,,,,,0,0
Not done,28,3,,,,,,,,,,,,,,,,,,,0,0
Not done,28,4,,,,,,,,,,,,,,,,,,,0,0
Not done,28,5,,,,,,,,,,,,,,,,,,,0,0
Not done,28,6,,,,,,,,,,,,,,,,,,,0,0
Not done,28,7,,,,,,,,,,,,,,,,,,,0,0
Not done,28,8,,,,,,,,,,,,,,,,,,,0,0
Not done,28,9,,,,,,,,,,,,,,,,,,,0,0
Not done,28,10,,,,,,,,,,,,,,,,,,,0,0
Not done,28,11,,,,,,,,,,,,,,,,,,,0,0
Not done,28,12,,,,,,,,,,,,,,,,,,,0,0
Not done,28,13,,,,,,,,,,,,,,,,,,,0,0
Not done,28,14,,,,,,,,,,,,,,,,,,,0,0
Not done,28,15,,,,,,,,,,,,,,,,,,,0,0
Not done,28,mean,,,,,,,,,,,,,,,,,,,0,0
Not done,28,median,,,,,,,,,,,,,,,,,,,0,0
Not done,28,min,,,,,,,,,,,,,,,,,,,0,0
Not done,28,max,,,,,,,,,,,,,,,,,,,0,0
Not done,28,frequency,,,,,,,,,,,,,,,,,,,0,0
Not done,29,1,,,,,,,,,,,,,,,,,,,0,0
Not done,29,2,,,,,,,,,,,,,,,,,,,0,0
Not done,29,3,,,,,,,,,,,,,,,,,,,0,0
Not done,29,4,,,,,,,,,,,,,,,,,,,0,0
Not done,29,5,,,,,,,,,,,,,,,,,,,0,0
Not done,29,6,,,,,,,,,,,,,,,,,,,0,0
Not done,29,7,,,,,,,,,,,,,,,,,,,0,0
Not done,29,8,,,,,,,,,,,,,,,,,,,0,0
Not done,29,9,,,,,,,,,,,,,,,,,,,0,0
Not done,29,10,,,,,,,,,,,,,,,,,,,0,0
Not done,29,11,,,,,,,,,,,,,,,,,,,0,0
Not done,29,12,,,,,,,,,,,,,,,,,,,0,0
Not done,29,13,,,,,,,,,,,,,,,,,,,0,0
Not done,29,14,,,,,,,,,,,,,,,,,,,0,0
Not done,29,15,,,,,,,,,,,,,,,,,,,0,0
Not done,29,mean,,,,,,,,,,,,,,,,,,,0,0
Not done,29,median,,,,,,,,,,,,,,,,,,,0,0
Not done,29,min,,,,,,,,,,,,,,,,,,,0,0
Not done,29,max,,,,,,,,,,,,,,,,,,,0,0
Not done,29,frequency,,,,,,,,,,,,,,,,,,,0,0
Not done,30,1,,,,,,,,,,,,,,,,,,,0,0
Not done,30,2,,,,,,,,,,,,,,,,,,,0,0
Not done,30,3,,,,,,,,,,,,,,,,,,,0,0
Not done,30,4,,,,,,,,,,,,,,,,,,,0,0
Not done,30,5,,,,,,,,,,,,,,,,,,,0,0
Not done,30,6,,,,,,,,,,,,,,,,,,,0,0
Not done,30,7,,,,,,,,,,,,,,,,,,,0,0
Not done,30,8,,,,,,,,,,,,,,,,,,,0,0
Not done,30,9,,,,,,,,,,,,,,,,,,,0,0
Not done,30,10,,,,,,,,,,,,,,,,,,,0,0
Not done,30,11,,,,,,,,,,,,,,,,,,,0,0
Not done,30,12,,,,,,,,,,,,,,,,,,,0,0
Not done,30,13,,,,,,,,,,,,,,,,,,,0,0
Not done,30,14,,,,,,,,,,,,,,,,,,,0,0
Not done,30,15,,,,,,,,,,,,,,,,,,,0,0
Not done,30,mean,,,,,,,,,,,,,,,,,,,0,0
Not done,30,median,,,,,,,,,,,,,,,,,,,0,0
Not done,30,min,,,,,,,,,,,,,,,,,,,0,0
Not done,30,max,,,,,,,,,,,,,,,,,,,0,0
Not done,30,frequency,,,,,,,,,,,,,,,,,,,0,0
Not done,31,1,,,,,,,,,,,,,,,,,,,0,0
Not done,31,2,,,,,,,,,,,,,,,,,,,0,0
Not done,31,3,,,,,,,,,,,,,,,,,,,0,0
Not done,31,4,,,,,,,,,,,,,,,,,,,0,0
Not done,31,5,,,,,,,,,,,,,,,,,,,0,0
Not done,31,6,,,,,,,,,,,,,,,,,,,0,0
Not done,31,7,,,,,,,,,,,,,,,,,,,0,0
Not done,31,8,,,,,,,,,,,,,,,,,,,0,0
Not done,31,9,,,,,,,,,,,,,,,,,,,0,0
Not done,31,10,,,,,,,,,,,,,,,,,,,0,0
Not done,31,11,,,,,,,,,,,,,,,,,,,0,0
Not done,31,12,,,,,,,,,,,,,,,,,,,0,0
Not done,31,13,,,,,,,,,,,,,,,,,,,0,0
Not done,31,14,,,,,,,,,,,,,,,,,,,0,0
Not done,31,15,,,,,,,,,,,,,,,,,,,0,0
Not done,31,mean,,,,,,,,,,,,,,,,,,,0,0
Not done,31,median,,,,,,,,,,,,,,,,,,,0,0
Not done,31,min,,,,,,,,,,,,,,,,,,,0,0
Not done,31,max,,,,,,,,,,,,,,,,,,,0,0
Not done,31,frequency,,,,,,,,,,,,,,,,,,,0,0
Not done,32,1,,,,,,,,,,,,,,,,,,,0,0
Not done,32,2,,,,,,,,,,,,,,,,,,,0,0
Not done,32,3,,,,,,,,,,,,,,,,,,,0,0
Not done,32,4,,,,,,,,,,,,,,,,,,,0,0
Not done,32,5,,,,,,,,,,,,,,,,,,,0,0
Not done,32,6,,,,,,,,,,,,,,,,,,,0,0
Not done,32,7,,,,,,,,,,,,,,,,,,,0,0
Not done,32,8,,,,,,,,,,,,,,,,,,,0,0
Not done,32,9,,,,,,,,,,,,,,,,,,,0,0
Not done,32,10,,,,,,,,,,,,,,,,,,,0,0
Not done,32,11,,,,,,,,,,,,,,,,,,,0,0
Not done,32,12,,,,,,,,,,,,,,,,,,,0,0
Not done,32,13,,,,,,,,,,,,,,,,,,,0,0
Not done,32,14,,,,,,,,,,,,,,,,,,,0,0
Not done,32,15,,,,,,,,,,,,,,,,,,,0,0
Not done,32,mean,,,,,,,,,,,,,,,,,,,0,0
Not done,32,median,,,,,,,,,,,,,,,,,,,0,0
Not done,32,min,,,,,,,,,,,,,,,,,,,0,0
Not done,32,max,,,,,,,,,,,,,,,,,,,0,0
Not done,32,frequency,,,,,,,,,,,,,,,,,,,0,0
Not done,33,1,,,,,,,,,,,,,,,,,,,0,0
Not done,33,2,,,,,,,,,,,,,,,,,,,0,0
Not done,33,3,,,,,,,,,,,,,,,,,,,0,0
Not done,33,4,,,,,,,,,,,,,,,,,,,0,0
Not done,33,5,,,,,,,,,,,,,,,,,,,0,0
Not done,33,6,,,,,,,,,,,,,,,,,,,0,0
Not done,33,7,,,,,,,,,,,,,,,,,,,0,0
Not done,33,8,,,,,,,,,,,,,,,,,,,0,0
Not done,33,9,,,,,,,,,,,,,,,,,,,0,0
Not done,33,10,,,,,,,,,,,,,,,,,,,0,0
Not done,33,11,,,,,,,,,,,,,,,,,,,0,0
Not done,33,12,,,,,,,,,,,,,,,,,,,0,0
Not done,33,13,,,,,,,,,,,,,,,,,,,0,0
Not done,33,14,,,,,,,,,,,,,,,,,,,0,0
Not done,33,15,,,,,,,,,,,,,,,,,,,0,0
Not done,33,mean,,,,,,,,,,,,,,,,,,,0,0
Not done,33,median,,,,,,,,,,,,,,,,,,,0,0
Not done,33,min,,,,,,,,,,,,,,,,,,,0,0
Not done,33,max,,,,,,,,,,,,,,,,,,,0,0
Not done,33,frequency,,,,,,,,,,,,,,,,,,,0,0
Not done,34,1,,,,,,,,,,,,,,,,,,,0,0
Not done,34,2,,,,,,,,,,,,,,,,,,,0,0
Not done,34,3,,,,,,,,,,,,,,,,,,,0,0
Not done,34,4,,,,,,,,,,,,,,,,,,,0,0
Not done,34,5,,,,,,,,,,,,,,,,,,,0,0
Not done,34,6,,,,,,,,,,,,,,,,,,,0,0
Not done,34,7,,,,,,,,,,,,,,,,,,,0,0
Not done,34,8,,,,,,,,,,,,,,,,,,,0,0
Not done,34,9,,,,,,,,,,,,,,,,,,,0,0
Not done,34,10,,,,,,,,,,,,,,,,,,,0,0
Not done,34,11,,,,,,,,,,,,,,,,,,,0,0
Not done,34,12,,,,,,,,,,,,,,,,,,,0,0
Not done,34,13,,,,,,,,,,,,,,,,,,,0,0
Not done,34,14,,,,,,,,,,,,,,,,,,,0,0
Not done,34,15,,,,,,,,,,,,,,,,,,,0,0
Not done,34,mean,,,,,,,,,,,,,,,,,,,0,0
Not done,34,median,,,,,,,,,,,,,,,,,,,0,0
Not done,34,min,,,,,,,,,,,,,,,,,,,0,0
Not done,34,max,,,,,,,,,,,,,,,,,,,0,0
Not done,34,frequency,,,,,,,,,,,,,,,,,,,0,0
Not done,35,1,,,,,,,,,,,,,,,,,,,0,0
Not done,35,2,,,,,,,,,,,,,,,,,,,0,0
Not done,35,3,,,,,,,,,,,,,,,,,,,0,0
Not done,35,4,,,,,,,,,,,,,,,,,,,0,0
Not done,35,5,,,,,,,,,,,,,,,,,,,0,0
Not done,35,6,,,,,,,,,,,,,,,,,,,0,0
Not done,35,7,,,,,,,,,,,,,,,,,,,0,0
Not done,35,8,,,,,,,,,,,,,,,,,,,0,0
Not done,35,9,,,,,,,,,,,,,,,,,,,0,0
Not done,35,10,,,,,,,,,,,,,,,,,,,0,0
Not done,35,11,,,,,,,,,,,,,,,,,,,0,0
Not done,35,12,,,,,,,,,,,,,,,,,,,0,0
Not done,35,13,,,,,,,,,,,,,,,,,,,0,0
Not done,35,14,,,,,,,,,,,,,,,,,,,0,0
Not done,35,15,,,,,,,,,,,,,,,,,,,0,0
Not done,35,mean,,,,,,,,,,,,,,,,,,,0,0
Not done,35,median,,,,,,,,,,,,,,,,,,,0,0
Not done,35,min,,,,,,,,,,,,,,,,,,,0,0
Not done,35,max,,,,,,,,,,,,,,,,,,,0,0
Not done,35,frequency,,,,,,,,,,,,,,,,,,,0,0
Not done,36,1,,,,,,,,,,,,,,,,,,,0,0
Not done,36,2,,,,,,,,,,,,,,,,,,,0,0
Not done,36,3,,,,,,,,,,,,,,,,,,,0,0
Not done,36,4,,,,,,,,,,,,,,,,,,,0,0
Not done,36,5,,,,,,,,,,,,,,,,,,,0,0
Not done,36,6,,,,,,,,,,,,,,,,,,,0,0
Not done,36,7,,,,,,,,,,,,,,,,,,,0,0
Not done,36,8,,,,,,,,,,,,,,,,,,,0,0
Not done,36,9,,,,,,,,,,,,,,,,,,,0,0
Not done,36,10,,,,,,,,,,,,,,,,,,,0,0
Not done,36,11,,,,,,,,,,,,,,,,,,,0,0
Not done,36,12,,,,,,,,,,,,,,,,,,,0,0
Not done,36,13,,,,,,,,,,,,,,,,,,,0,0
Not done,36,14,,,,,,,,,,,,,,,,,,,0,0
Not done,36,15,,,,,,,,,,,,,,,,,,,0,0
Not done,36,mean,,,,,,,,,,,,,,,,,,,0,0
Not done,36,median,,,,,,,,,,,,,,,,,,,0,0
Not done,36,min,,,,,,,,,,,,,,,,,,,0,0
Not done,36,max,,,,,,,,,,,,,,,,,,,0,0
Not done,36,frequency,,,,,,,,,,,,,,,,,,,0,0
Not done,37,1,,,,,,,,,,,,,,,,,,,0,0
Not done,37,2,,,,,,,,,,,,,,,,,,,0,0
Not done,37,3,,,,,,,,,,,,,,,,,,,0,0
Not done,37,4,,,,,,,,,,,,,,,,,,,0,0
Not done,37,5,,,,,,,,,,,,,,,,,,,0,0
Not done,37,6,,,,,,,,,,,,,,,,,,,0,0
Not done,37,7,,,,,,,,,,,,,,,,,,,0,0
Not done,37,8,,,,,,,,,,,,,,,,,,,0,0
Not done,37,9,,,,,,,,,,,,,,,,,,,0,0
Not done,37,10,,,,,,,,,,,,,,,,,,,0,0
Not done,37,11,,,,,,,,,,,,,,,,,,,0,0
Not done,37,12,,,,,,,,,,,,,,,,,,,0,0
Not done,37,13,,,,,,,,,,,,,,,,,,,0,0
Not done,37,14,,,,,,,,,,,,,,,,,,,0,0
Not done,37,15,,,,,,,,,,,,,,,,,,,0,0
Not done,37,mean,,,,,,,,,,,,,,,,,,,0,0
Not done,37,median,,,,,,,,,,,,,,,,,,,0,0
Not done,37,min,,,,,,,,,,,,,,,,,,,0,0
Not done,37,max,,,,,,,,,,,,,,,,,,,0,0
Not done,37,frequency,,,,,,,,,,,,,,,,,,,0,0
Not done,38,1,,,,,,,,,,,,,,,,,,,0,0
Not done,38,2,,,,,,,,,,,,,,,,,,,0,0
Not done,38,3,,,,,,,,,,,,,,,,,,,0,0
Not done,38,4,,,,,,,,,,,,,,,,,,,0,0
Not done,38,5,,,,,,,,,,,,,,,,,,,0,0
Not done,38,6,,,,,,,,,,,,,,,,,,,0,0
Not done,38,7,,,,,,,,,,,,,,,,,,,0,0
Not done,38,8,,,,,,,,,,,,,,,,,,,0,0
Not done,38,9,,,,,,,,,,,,,,,,,,,0,0
Not done,38,10,,,,,,,,,,,,,,,,,,,0,0
Not done,38,11,,,,,,,,,,,,,,,,,,,0,0
Not done,38,12,,,,,,,,,,,,,,,,,,,0,0
Not done,38,13,,,,,,,,,,,,,,,,,,,0,0
Not done,38,14,,,,,,,,,,,,,,,,,,,0,0
Not done,38,15,,,,,,,,,,,,,,,,,,,0,0
Not done,38,mean,,,,,,,,,,,,,,,,,,,0,0
Not done,38,median,,,,,,,,,,,,,,,,,,,0,0
Not done,38,min,,,,,,,,,,,,,,,,,,,0,0
Not done,38,max,,,,,,,,,,,,,,,,,,,0,0
Not done,38,frequency,,,,,,,,,,,,,,,,,,,0,0
Not done,39,1,,,,,,,,,,,,,,,,,,,0,0
Not done,39,2,,,,,,,,,,,,,,,,,,,0,0
Not done,39,3,,,,,,,,,,,,,,,,,,,0,0
Not done,39,4,,,,,,,,,,,,,,,,,,,0,0
Not done,39,5,,,,,,,,,,,,,,,,,,,0,0
Not done,39,6,,,,,,,,,,,,,,,,,,,0,0
Not done,39,7,,,,,,,,,,,,,,,,,,,0,0
Not done,39,8,,,,,,,,,,,,,,,,,,,0,0
Not done,39,9,,,,,,,,,,,,,,,,,,,0,0
Not done,39,10,,,,,,,,,,,,,,,,,,,0,0
Not done,39,11,,,,,,,,,,,,,,,,,,,0,0
Not done,39,12,,,,,,,,,,,,,,,,,,,0,0
Not done,39,13,,,,,,,,,,,,,,,,,,,0,0
Not done,39,14,,,,,,,,,,,,,,,,,,,0,0
Not done,39,15,,,,,,,,,,,,,,,,,,,0,0
Not done,39,mean,,,,,,,,,,,,,,,,,,,0,0
Not done,39,median,,,,,,,,,,,,,,,,,,,0,0
Not done,39,min,,,,,,,,,,,,,,,,,,,0,0
Not done,39,max,,,,,,,,,,,,,,,,,,,0,0
Not done,39,frequency,,,,,,,,,,,,,,,,,,,0,0
Not done,40,1,,,,,,,,,,,,,,,,,,,0,0
Not done,40,2,,,,,,,,,,,,,,,,,,,0,0
Not done,40,3,,,,,,,,,,,,,,,,,,,0,0
Not done,40,4,,,,,,,,,,,,,,,,,,,0,0
Not done,40,5,,,,,,,,,,,,,,,,,,,0,0
Not done,40,6,,,,,,,,,,,,,,,,,,,0,0
Not done,40,7,,,,,,,,,,,,,,,,,,,0,0
Not done,40,8,,,,,,,,,,,,,,,,,,,0,0
Not done,40,9,,,,,,,,,,,,,,,,,,,0,0
Not done,40,10,,,,,,,,,,,,,,,,,,,0,0
Not done,40,11,,,,,,,,,,,,,,,,,,,0,0
Not done,40,12,,,,,,,,,,,,,,,,,,,0,0
Not done,40,13,,,,,,,,,,,,,,,,,,,0,0
Not done,40,14,,,,,,,,,,,,,,,,,,,0,0
Not done,40,15,,,,,,,,,,,,,,,,,,,0,0
Not done,40,mean,,,,,,,,,,,,,,,,,,,0,0
Not done,40,median,,,,,,,,,,,,,,,,,,,0,0
Not done,40,min,,,,,,,,,,,,,,,,,,,0,0
Not done,40,max,,,,,,,,,,,,,,,,,,,0,0
Not done,40,frequency,,,,,,,,,,,,,,,,,,,0,0
Not done,41,1,,,,,,,,,,,,,,,,,,,0,0
Not done,41,2,,,,,,,,,,,,,,,,,,,0,0
Not done,41,3,,,,,,,,,,,,,,,,,,,0,0
Not done,41,4,,,,,,,,,,,,,,,,,,,0,0
Not done,41,5,,,,,,,,,,,,,,,,,,,0,0
Not done,41,6,,,,,,,,,,,,,,,,,,,0,0
Not done,41,7,,,,,,,,,,,,,,,,,,,0,0
Not done,41,8,,,,,,,,,,,,,,,,,,,0,0
Not done,41,9,,,,,,,,,,,,,,,,,,,0,0
Not done,41,10,,,,,,,,,,,,,,,,,,,0,0
Not done,41,11,,,,,,,,,,,,,,,,,,,0,0
Not done,41,12,,,,,,,,,,,,,,,,,,,0,0
Not done,41,13,,,,,,,,,,,,,,,,,,,0,0
Not done,41,14,,,,,,,,,,,,,,,,,,,0,0
Not done,41,15,,,,,,,,,,,,,,,,,,,0,0
Not done,41,mean,,,,,,,,,,,,,,,,,,,0,0
Not done,41,median,,,,,,,,,,,,,,,,,,,0,0
Not done,41,min,,,,,,,,,,,,,,,,,,,0,0
Not done,41,max,,,,,,,,,,,,,,,,,,,0,0
Not done,41,frequency,,,,,,,,,,,,,,,,,,,0,0
